percentage expenditure,Hepatitis B,Polio,Total expenditure,Diphtheria,GDP,Income composition of resources,Schooling
5.628274976134983,92.0,94.0,2.65,94.0,8.109081538295266,0.808,12.3
1.2772320656550649,89.0,9.0,4.41,89.0,5.290576886175689,0.0,8.8
3.425803502382132,64.0,62.0,4.55,64.0,6.086209418519259,0.38,8.3
1.6818173804706396,84.0,85.0,6.35,84.0,3.30146974926522,0.362,10.3
1.6373046713560362,98.0,97.0,5.25,98.0,3.802726085620789,0.636,10.3
0.9503769862245804,79.0,87.0,4.72,87.0,5.073099552938462,0.622,10.2
5.529168465060279,96.0,95.0,7.44,93.0,7.867940136585294,0.866,15.8
6.455960754088251,9.0,93.0,6.9,94.0,8.80736433725309,0.787,15.0
8.815915733867884,83.0,98.0,11.54,98.0,10.667937268887073,0.89,16.2
3.405665674290638,91.0,93.0,4.57,93.0,5.930765679722913,0.736,15.8
8.933938251518027,88.0,94.0,11.25,95.0,10.640329961762935,0.907,16.7
6.108347842341541,96.0,95.0,2.58,96.0,8.741545493496805,0.835,13.7
6.257215203388294,96.0,98.0,3.56,98.0,8.28734339089622,0.687,12.3
4.338735828347251,91.0,87.0,9.46,89.0,6.285747690720974,0.735,14.2
4.857975062443533,95.0,97.0,5.23,97.0,7.692787948599925,0.575,10.0
8.205981228830268,89.0,86.0,7.71,9.0,9.994916651589516,0.881,18.2
6.651403946441658,99.0,93.0,1.2,94.0,8.605043198290836,0.743,13.5
4.555750867032288,89.0,8.0,7.12,88.0,5.964513840002609,0.702,11.6
8.753715323798911,14.0,93.0,9.57,93.0,10.496554374507973,0.886,15.8
7.6232360777454735,83.0,95.0,7.24,96.0,9.63721540322353,0.825,15.7
4.755987558227454,97.0,98.0,4.81,97.0,7.051802132347808,0.769,14.7
6.401520453856035,98.0,98.0,4.62,98.0,8.933248891373347,0.0,12.3
3.5122984722451025,95.0,95.0,9.5,95.0,5.570086809492064,0.723,13.5
7.900643345118352,98.0,98.0,9.55,98.0,9.981361849675164,0.827,16.3
8.237652626235302,29.0,97.0,1.22,97.0,10.09725348031494,0.851,15.5
7.726764854433047,94.0,96.0,7.68,99.0,9.613560361691096,0.884,13.7
7.967049618916406,95.0,96.0,8.23,93.0,10.007738264589689,0.836,15.2
5.409332367529082,93.0,94.0,7.89,94.0,7.373733430603678,0.59,10.9
5.767133369594878,86.0,95.0,6.41,95.0,7.746384068178056,0.649,12.0
7.394856400777408,99.0,99.0,11.16,99.0,8.869726575925158,0.683,12.4
6.220203642325992,98.0,98.0,5.95,97.0,8.760481766774719,0.755,15.1
5.2067506420635326,84.0,85.0,5.27,84.0,9.6580702157529,0.766,14.8
8.068914861672816,99.0,99.0,2.3,99.0,10.771685335030122,0.852,14.4
6.262392859057116,89.0,99.0,7.67,89.0,8.449062433916492,0.732,14.7
6.378227221245279,8.0,85.0,4.41,82.0,8.507885515076413,0.695,12.9
7.316747519439234,99.0,92.0,3.1,92.0,9.99413472741172,0.828,13.7
0.3064926055793632,98.0,98.0,2.16,98.0,3.30949969560462,0.0,10.4
3.990547944149817,99.0,99.0,5.63,99.0,6.070582057687881,0.701,14.3
5.486807857115728,99.0,99.0,6.66,99.0,6.856103237199803,0.47,8.4
5.197722670199703,99.0,99.0,5.94,99.0,8.043265998893023,0.634,12.1
6.181679751305154,94.0,94.0,8.68,94.0,9.734018455895807,0.788,15.5
5.906680271195751,98.0,99.0,8.43,98.0,7.52196665444246,0.63,11.5
4.647952519228209,89.0,89.0,4.49,92.0,7.311193915182383,0.751,12.3
4.040083293190591,89.0,89.0,1.96,89.0,5.810908447976136,0.459,10.7
4.304507724282633,79.0,79.0,4.75,8.0,6.859811367459906,0.456,8.3
1.0171901536330776,73.0,79.0,9.98,7.0,4.756916549189766,0.0,11.6
1.8652096219946104,93.0,86.0,5.91,93.0,4.045591057380707,0.727,12.8
4.6703088226453175,49.0,9.0,3.91,89.0,7.086484687563333,0.642,11.6
4.4764903188018135,99.0,99.0,6.37,99.0,8.930592420974898,0.791,15.9
8.64663984074937,39.0,99.0,1.53,99.0,10.506315672657085,0.87,16.1
4.935670789992984,18.0,93.0,5.47,84.0,9.351394686704404,0.75,14.0
2.26355403867839,92.0,93.0,1.37,93.0,4.145880493004394,0.771,14.3
5.847529608783956,97.0,97.0,8.72,97.0,7.715886876939306,0.618,11.4
4.144458220504152,99.0,99.0,4.23,99.0,8.203294933953504,0.706,14.6
7.247096404261194,9.0,9.0,8.47,91.0,9.4366133279917,0.801,14.2
1.1087258646119145,94.0,96.0,6.96,94.0,3.255965499740733,0.336,8.6
8.483149173592736,95.0,95.0,9.25,95.0,10.474401141296978,0.877,16.3
2.9346142127665686,98.0,98.0,3.44,98.0,5.543180107379168,0.731,13.3
5.733555086401324,94.0,94.0,3.93,94.0,8.17474466187838,0.826,13.3
3.6490615553208015,93.0,88.0,5.88,86.0,7.836224968158826,0.492,9.4
5.808968487789348,96.0,97.0,6.17,97.0,8.181399088810169,0.728,14.2
5.550764054802844,77.0,88.0,5.16,88.0,8.0457924779026,0.653,11.1
5.645955625463111,91.0,91.0,5.58,94.0,8.356217942771028,0.702,13.1
6.463584828102559,94.0,99.0,9.25,98.0,8.39949719672168,0.871,15.8
2.435800435680048,62.0,24.0,8.2,24.0,4.749789875598035,0.338,5.5
6.05862205648117,94.0,96.0,6.39,96.0,8.553858689902682,0.661,12.2
5.3330650424929305,99.0,94.0,3.48,93.0,7.723366946751009,0.687,13.3
6.159739374323211,97.0,98.0,2.71,98.0,9.008513209853056,0.748,15.7
4.378547605739773,76.0,91.0,5.13,91.0,6.786173536616753,0.729,12.0
4.462656148220093,61.0,72.0,4.4,71.0,6.8645021566640585,0.461,8.6
6.572763688323485,97.0,97.0,4.53,97.0,8.635898315596078,0.92,15.4
7.101401079639117,67.0,98.0,11.97,98.0,8.745801021529479,0.904,15.8
6.726179690844367,85.0,9.0,5.45,9.0,8.90725421832148,0.681,11.9
6.158150607019885,99.0,94.0,7.33,94.0,10.29750208902584,0.877,15.8
5.823348665028309,96.0,96.0,1.42,96.0,7.768521296625652,0.809,16.0
4.116455817356351,99.0,98.0,6.31,72.0,8.068925809954328,0.694,12.9
8.626979732695903,94.0,99.0,9.17,98.0,10.567549872001678,0.865,15.7
2.2932346301520803,8.0,75.0,8.9,8.0,6.422063008064634,0.731,12.9
5.440982693498416,99.0,99.0,5.8,99.0,7.404789014798097,0.497,9.4
4.926410346313615,89.0,9.0,4.82,88.0,7.411063356672896,0.76,12.4
4.580330035189494,66.0,72.0,6.47,66.0,6.657173322549646,0.411,7.7
5.86653742959778,89.0,9.0,7.7,89.0,7.722043070008147,0.57,9.8
5.280794441425114,81.0,89.0,5.64,9.0,6.708624376208303,0.459,8.1
4.167859110370336,93.0,92.0,11.21,92.0,5.648769745423006,0.895,19.3
5.321611383022074,97.0,98.0,7.81,98.0,7.179873140557466,0.577,10.6
3.672189310820117,75.0,76.0,2.16,75.0,7.064621813250112,0.54,9.1
6.362582689185804,97.0,97.0,9.56,97.0,8.226099439130914,0.86,16.4
8.491838213510386,97.0,97.0,9.48,97.0,10.368328445262575,0.867,16.9
7.116189765254988,96.0,88.0,5.6,92.0,9.168086789994248,0.794,14.7
6.496042343887211,96.0,94.0,6.78,94.0,8.84750186266206,0.768,13.8
5.013024008844174,98.0,98.0,4.86,99.0,7.180425424187216,0.788,14.2
8.413443813401079,96.0,97.0,8.71,95.0,10.372248602287122,0.851,15.8
5.3003744103819175,89.0,83.0,5.16,85.0,7.350178613261861,0.645,12.0
6.954992088749633,2.0,97.0,1.53,97.0,8.585908029588841,0.911,17.2
4.062220537567423,61.0,83.0,7.82,87.0,6.599835317641592,0.673,11.7
0.3665873362504609,99.0,99.0,5.84,99.0,3.275196194313688,0.69,12.1
3.21749935797215,64.0,68.0,3.31,64.0,6.17443639241852,0.527,11.4
6.772621012956407,94.0,92.0,8.53,92.0,8.515788783697221,0.918,19.0
5.528999028382585,86.0,97.0,4.64,97.0,8.116921045509882,0.559,11.7
2.569211030542152,63.0,61.0,6.42,72.0,4.364083472151031,0.446,7.9
2.5786641581549805,88.0,87.0,5.68,88.0,5.29675175662015,0.553,10.9
8.730377233782361,95.0,92.0,8.49,92.0,10.494582179261252,0.915,20.3
4.715619471764511,96.0,97.0,4.2,97.0,7.540769377525164,0.779,12.9
2.739100365790642,94.0,94.0,8.23,94.0,4.390707100183294,0.76,15.3
9.030159744516626,98.0,98.0,11.21,98.0,10.84590674314345,0.892,15.9
5.3434396709076415,67.0,64.0,4.26,73.0,7.688783550512508,0.511,10.0
4.975836010614416,94.0,93.0,4.73,94.0,7.038882071621997,0.518,11.6
3.147307905646945,96.0,93.0,7.61,92.0,5.4688887428975335,0.85,15.1
4.278969187555463,77.0,76.0,4.7,77.0,6.032340914390012,0.5,9.7
5.2291639373509575,75.0,78.0,4.65,78.0,8.225809566263239,0.643,10.3
7.81677845201004,96.0,94.0,3.4,95.0,10.66889681621583,0.787,13.0
3.796030168659098,62.0,67.0,5.54,64.0,6.514338354150614,0.658,10.1
6.848691243598249,92.0,92.0,7.1,92.0,8.546639776293688,0.691,12.4
5.776454266210389,98.0,99.0,6.39,98.0,7.428902208741904,0.62,11.5
7.033005933106929,85.0,85.0,5.69,85.0,9.165914373118916,0.722,12.7
5.333981828151132,68.0,85.0,4.37,81.0,8.62616206511284,0.719,11.6
4.444711134425479,36.0,83.0,3.38,87.0,7.280902243231518,0.668,12.4
5.5172489736658346,99.0,99.0,5.48,99.0,7.528165015170574,0.505,9.4
7.354695497563893,88.0,98.0,6.37,98.0,10.13956654551665,0.826,13.5
6.887134656493093,7.0,73.0,8.78,73.0,8.83607647695397,0.652,12.8
6.588966609327953,87.0,91.0,6.42,91.0,8.906440199431536,0.803,15.1
6.348182672014403,93.0,92.0,5.36,93.0,8.335175717184494,0.706,13.3
4.039507622674332,68.0,68.0,3.21,68.0,6.851327616784041,0.466,7.2
1.70188118275972,99.0,98.0,6.14,88.0,5.831050037059632,0.705,13.2
5.681544593013722,93.0,94.0,4.5,93.0,8.123728342315154,0.831,13.2
7.064181164279642,84.0,84.0,6.9,84.0,9.134906816563518,0.708,12.7
1.0872067588596777,88.0,85.0,4.18,88.0,5.286233550432843,0.343,7.2
4.110531914075696,7.0,71.0,3.46,7.0,6.097986862614926,0.506,10.2
7.624674210220459,98.0,98.0,4.25,98.0,10.124043203723565,0.83,15.2
5.6650847912856594,92.0,95.0,8.3,95.0,9.996802515946625,0.83,15.3
6.127568117968941,92.0,94.0,3.41,94.0,8.874395985177737,0.727,15.5
3.9946822404219526,9.0,89.0,5.37,89.0,6.571772790414766,0.436,10.0
6.082460813307353,87.0,97.0,1.4,93.0,7.834457403720865,0.867,16.3
6.494174012232565,56.0,58.0,7.22,63.0,8.338060154445875,0.701,12.9
3.5352287684770807,96.0,96.0,6.34,96.0,5.36439508891365,0.359,7.6
6.820219314056677,98.0,98.0,4.76,98.0,9.136933589823592,0.756,14.3
4.073011941963381,38.0,76.0,4.28,79.0,7.205465548067349,0.569,10.4
7.366768682583988,96.0,95.0,6.22,95.0,9.417266354545337,0.812,16.4
5.582684775065994,94.0,97.0,5.4,97.0,7.702969252846922,0.646,12.8
7.15202577637361,95.0,94.0,6.18,94.0,9.157538701297716,0.796,14.9
3.0294137585667804,57.0,59.0,3.21,6.0,6.083238307965722,0.371,7.9
5.9277116594129575,94.0,99.0,9.89,99.0,7.780799746834562,0.828,14.2
6.643067452052972,95.0,94.0,7.24,94.0,8.831166104318887,0.77,13.9
4.276860440273346,79.0,8.0,4.46,79.0,6.677653110049567,0.448,9.3
4.857000318492935,98.0,98.0,3.76,98.0,7.405991814867911,0.725,13.2
7.019472038155404,98.0,97.0,6.4,97.0,9.193750791589933,0.745,12.6
2.12939431582773,97.0,98.0,8.49,97.0,3.825448020478385,0.424,10.1
5.896797285112704,94.0,94.0,6.45,94.0,7.753015310119314,0.62,11.2
7.176934744045555,96.0,96.0,3.49,96.0,9.709488063344455,0.773,12.7
7.048749559976915,99.0,99.0,3.8,99.0,9.462592993349617,0.794,13.3
3.6777637196116606,52.0,63.0,4.28,54.0,5.788070172825727,0.378,7.6
5.273887706607587,95.0,88.0,1.5,92.0,7.994793290042371,0.738,13.3
1.8969307268777145,71.0,71.0,6.98,71.0,5.8356567586175885,0.307,4.2
4.519192210927436,78.0,82.0,7.47,78.0,6.497517238030346,0.478,10.0
3.707509074098116,74.0,74.0,5.43,74.0,6.141720404810284,0.382,9.2
6.574073516823081,7.0,68.0,3.44,7.0,9.179176160777017,0.687,12.6
2.290540970868982,8.0,8.0,3.63,8.0,4.987560302451366,0.501,8.2
7.05262889360204,98.0,99.0,2.76,98.0,9.965041455378348,0.796,13.7
0.7574200922076887,77.0,85.0,5.37,85.0,4.185548291785901,0.675,12.0
4.246582456412184,98.0,98.0,8.39,98.0,5.96184041610756,0.737,13.1
2.8248141914860643,97.0,99.0,6.94,99.0,5.8877348731268855,0.699,14.8
7.328222458500384,99.0,98.0,3.58,98.0,9.660673547002991,0.762,13.5
6.284653877487363,97.0,98.0,8.78,97.0,8.12761028577163,0.739,13.6
6.2481501010611975,98.0,98.0,6.32,99.0,8.556016310347102,0.79,15.0
6.415017026680843,98.0,99.0,3.92,99.0,8.384732644660136,0.7,12.9
6.5380588107901145,89.0,9.0,6.52,89.0,7.861630767331112,0.694,14.6
6.447391551896717,77.0,74.0,8.42,77.0,8.58306356730389,0.0,13.7
5.200449741717238,98.0,99.0,6.61,99.0,7.221362691464486,0.7,14.6
5.019341870949898,94.0,94.0,5.67,94.0,7.3351314045481315,0.814,15.4
3.354738105261963,95.0,97.0,3.7,96.0,5.6955694062217646,0.657,11.5
2.861762108683004,99.0,99.0,3.59,99.0,5.224048835351556,0.74,13.2
6.00484449356579,83.0,83.0,1.86,83.0,8.582219085643247,0.0,14.9
8.197880950158309,95.0,99.0,9.41,99.0,10.269113736918229,0.855,16.4
5.094534013177475,93.0,9.0,1.62,93.0,7.0697373963220445,0.491,10.8
6.101310247743797,92.0,92.0,6.79,92.0,7.8773036946869075,0.596,10.4
6.634026168960597,91.0,91.0,4.93,91.0,8.660871953549844,0.721,13.4
0.946396635690472,94.0,94.0,5.57,94.0,2.586058069617312,0.797,14.7
7.580457823472367,93.0,97.0,6.5,97.0,10.35416922966161,0.836,13.5
4.806988332240351,77.0,88.0,3.95,88.0,7.239051518210616,0.646,11.5
6.738383067419584,96.0,96.0,8.26,95.0,9.416741902516137,0.73,14.2
5.942184764770135,96.0,97.0,5.63,97.0,8.043610457610326,0.673,13.6
3.899023674651232,92.0,95.0,6.36,94.0,6.605612713615006,0.52,10.5
5.580671318115082,95.0,96.0,3.95,96.0,8.403951902322074,0.724,12.1
5.245640833822023,97.0,97.0,3.7,97.0,7.793098436717319,0.581,12.3
3.4237835088765487,81.0,81.0,7.9,81.0,5.519108152278649,0.621,11.8
6.539778644421932,97.0,98.0,2.7,98.0,8.98260703167691,0.683,10.8
6.47554726376428,98.0,99.0,6.19,99.0,8.807199383707985,0.8,15.5
6.369563114969639,98.0,98.0,5.45,98.0,8.449907108251349,0.702,12.5
6.270248044417599,95.0,92.0,8.9,95.0,8.432265338962937,0.733,12.8
2.469277938572076,96.0,97.0,1.4,97.0,4.417171384092248,0.514,10.0
5.556698828638881,97.0,98.0,4.27,99.0,9.564743353361456,0.781,14.5
0.7363651248987051,88.0,87.0,4.94,88.0,2.512585044394053,0.435,7.1
6.663362531007108,93.0,95.0,4.24,95.0,9.119096882436466,0.737,11.8
4.160115161227421,89.0,88.0,4.29,89.0,7.219893977645109,0.501,10.4
5.690753468244433,96.0,95.0,4.6,95.0,8.450619006119608,0.74,16.0
4.758578678748368,96.0,96.0,6.4,96.0,6.888054955652728,0.697,12.3
2.013767522508313,98.0,98.0,6.64,98.0,3.986430511288596,0.632,11.9
5.024568147534742,99.0,99.0,3.37,99.0,7.351658050150123,0.766,13.2
1.3400212010612718,9.0,87.0,5.71,85.0,3.1778242206563245,0.493,9.1
5.14742711291665,91.0,94.0,7.1,94.0,7.275974559898705,0.814,16.2
5.866072303562439,94.0,99.0,4.7,98.0,8.235434595684797,0.737,13.9
6.069177705101822,99.0,97.0,5.43,97.0,8.175807770447424,0.733,12.9
6.225411280345961,83.0,84.0,1.48,84.0,8.075251477645555,0.837,14.7
3.8624536202548674,76.0,69.0,5.91,83.0,5.82106705869881,0.332,7.0
6.82270665961383,98.0,98.0,4.82,98.0,9.17349639215327,0.765,14.7
5.831952839910649,66.0,71.0,5.59,72.0,7.959679385368199,0.656,12.3
6.500626574163996,83.0,85.0,4.6,88.0,8.60386060258974,0.697,12.9
5.568330696795552,95.0,96.0,3.71,95.0,8.168480221812706,0.729,12.7
9.850210639445612,94.0,96.0,7.34,99.0,11.646536733279603,0.887,13.5
4.860506960775932,9.0,9.0,6.47,9.0,7.28610924554847,0.773,12.5
6.649219973864813,14.0,95.0,9.75,95.0,8.386560332267662,0.891,15.8
3.846973584950396,85.0,91.0,5.9,9.0,5.441181960283899,0.683,13.7
1.3581258012933668,89.0,91.0,3.8,89.0,3.744076904855239,0.721,12.3
8.356268682624536,96.0,97.0,9.39,97.0,10.259877719329696,0.871,17.2
3.743641995224914,95.0,95.0,7.54,95.0,5.7485932375323365,0.404,10.6
7.277613393699405,95.0,98.0,7.53,98.0,9.37910302927441,0.825,16.6
1.929165092154487,7.0,75.0,6.36,7.0,5.855505956935551,0.312,4.5
5.086915402833246,91.0,92.0,8.72,92.0,7.252984341018532,0.811,14.6
2.4299042254256773,27.0,46.0,3.66,4.0,4.793666688502334,0.466,9.0
3.783927696206483,96.0,97.0,9.3,97.0,5.695320943324161,0.877,17.6
7.795998221399731,84.0,82.0,9.73,85.0,9.125609634894628,0.752,13.4
5.650135626165055,96.0,99.0,7.23,99.0,8.247865367146872,0.853,14.6
8.391668668372311,93.0,92.0,1.93,93.0,11.361518055600111,0.827,12.4
4.95570364576098,92.0,99.0,7.13,99.0,7.944722467552088,0.692,14.6
6.248823424925403,93.0,93.0,4.6,93.0,8.19207635352339,0.696,13.2
2.470012551329202,91.0,92.0,6.44,91.0,4.855731375100033,0.498,10.3
0.5289890147186939,78.0,7.0,2.94,71.0,2.8701684836850605,0.514,7.3
8.068994062968406,95.0,99.0,9.77,99.0,10.162665728733588,0.86,16.7
4.368756891023324,97.0,98.0,5.89,97.0,8.661247780230688,0.0,14.6
6.125686533967404,84.0,91.0,6.63,9.0,8.266775619981829,0.73,14.9
2.427091133633017,96.0,89.0,5.53,89.0,4.535582405434971,0.798,15.7
6.182480870461401,96.0,96.0,9.22,96.0,8.171394432480845,0.876,16.5
1.863635630171444,65.0,7.0,3.26,62.0,4.943874786173441,0.513,7.3
3.3979037064642275,9.0,93.0,6.42,9.0,4.9967467938235135,0.482,9.0
4.316518387904356,89.0,93.0,6.63,89.0,6.165651482400419,0.334,4.9
1.918882234397048,78.0,78.0,5.9,78.0,4.204478880132448,0.405,9.1
6.069686938703342,96.0,97.0,3.97,97.0,8.899423030609352,0.756,12.6
8.971872064121234,86.0,99.0,7.4,99.0,10.782708169861152,0.854,13.4
4.232853809867962,6.0,89.0,6.96,9.0,6.662512572208451,0.439,10.7
4.031778708673556,64.0,79.0,2.37,71.0,7.047143203595285,0.624,11.0
7.01288492509164,98.0,98.0,6.7,98.0,8.984671815893831,0.796,15.7
4.283709608772806,94.0,96.0,6.39,94.0,6.862470479486918,0.613,11.1
2.48941519932043,82.0,81.0,2.54,82.0,5.274406773100972,0.651,12.4
5.503440630190707,78.0,87.0,4.58,87.0,7.677538910967633,0.692,11.2
6.093218973534521,87.0,83.0,1.33,87.0,8.257525100105127,0.679,12.3
6.119820568352696,46.0,72.0,7.47,76.0,8.257494902874782,0.739,15.1
6.911581223712726,9.0,91.0,7.74,91.0,8.454915866513119,0.723,12.4
7.502117674080872,99.0,99.0,5.65,99.0,9.386840844921688,0.782,14.1
2.458004240832628,39.0,84.0,4.48,85.0,5.249063317275546,0.543,9.8
4.5122000132405,78.0,74.0,4.59,78.0,6.8508532058135225,0.475,10.7
9.027706565037224,83.0,83.0,1.6,83.0,10.847147830814054,0.864,15.1
4.7183230183338685,6.0,54.0,7.69,61.0,6.239624118223008,0.428,6.9
3.139596676275886,98.0,98.0,5.99,99.0,5.8316365819510985,0.612,11.2
4.085959072066833,93.0,93.0,4.73,93.0,6.063501703387499,0.7,13.2
4.89858199460556,66.0,86.0,5.76,87.0,9.365324471555557,0.749,14.0
2.418446388178388,97.0,97.0,4.98,97.0,6.513113086261035,0.694,11.4
4.121484331900709,99.0,99.0,4.26,99.0,8.122811179271215,0.704,14.5
3.873059936825657,75.0,97.0,7.84,97.0,6.739211731984107,0.521,10.2
6.068140775698127,99.0,99.0,5.66,99.0,8.392926891245157,0.759,14.2
7.305790562171593,92.0,91.0,6.93,91.0,8.97284233992383,0.707,13.2
6.565202524141995,98.0,98.0,9.66,98.0,8.188622377772248,0.539,11.4
5.234360268351384,96.0,99.0,7.7,99.0,8.19546518997032,0.695,14.0
0.7781671780272189,86.0,83.0,4.81,86.0,2.6076008650939198,0.444,7.5
6.661336287629622,93.0,93.0,6.25,93.0,8.450031416020547,0.675,11.9
6.672130782320455,99.0,99.0,4.12,99.0,8.689943607288768,0.737,13.6
6.6113835215411765,97.0,93.0,9.89,91.0,8.641246730752487,0.767,14.0
4.529492958027057,96.0,97.0,6.26,97.0,7.070544805715177,0.656,10.7
4.140738509024288,95.0,95.0,5.45,95.0,6.263676174446737,0.588,9.4
5.125544816126957,92.0,94.0,5.98,92.0,7.585196174069877,0.773,12.7
5.96186191286583,98.0,98.0,4.4,98.0,8.340068897423857,0.692,12.3
6.864662976449347,86.0,86.0,6.75,86.0,8.850077341403903,0.75,12.8
4.689500616533524,93.0,92.0,6.77,93.0,6.346971045880456,0.345,5.4
2.451237634004787,94.0,94.0,3.3,94.0,5.699870124719485,0.405,5.3
5.742427182847907,88.0,85.0,5.3,84.0,7.519390954129743,0.679,13.5
5.620634294992156,97.0,97.0,6.98,97.0,7.326369464481278,0.607,11.1
4.670467292139782,98.0,98.0,5.92,98.0,6.839842203234448,0.731,12.3
5.7888276114452255,94.0,93.0,4.29,93.0,8.177458607040686,0.643,13.6
2.9720249782540664,54.0,93.0,1.19,88.0,5.626139844491035,0.734,12.8
4.676842577951485,98.0,98.0,3.89,98.0,7.180324655247792,0.796,13.5
4.073038646423756,82.0,82.0,3.75,82.0,6.449958109259772,0.495,10.3
5.309185820846361,93.0,94.0,4.55,93.0,8.004643592792524,0.725,11.9
5.365615821655336,61.0,63.0,4.37,6.0,8.116370744459195,0.48,8.5
7.678502277635281,97.0,96.0,8.18,96.0,9.558045296511423,0.803,14.2
3.993861093303219,97.0,97.0,2.91,97.0,6.525213464996813,0.523,8.4
5.540591107750511,99.0,99.0,4.22,99.0,8.382477664838893,0.712,14.7
4.83134064040545,67.0,62.0,6.79,68.0,6.379034249166723,0.433,7.2
6.660618224840242,76.0,77.0,7.75,79.0,8.663472928483632,0.616,12.9
4.649414567056868,82.0,9.0,5.81,9.0,6.728472094855501,0.687,11.9
6.858357862597394,89.0,97.0,5.77,97.0,9.593824498696751,0.798,12.5
6.7427760396379535,98.0,98.0,4.92,98.0,8.782739699479071,0.787,15.5
4.656950856988363,91.0,89.0,9.8,91.0,6.828860254385023,0.453,10.8
8.007243263117028,99.0,99.0,3.87,99.0,10.533916210755477,0.788,13.6
4.602001967580178,98.0,99.0,5.9,99.0,6.9075779303568,0.637,11.8
1.853447456764827,65.0,79.0,2.79,72.0,4.851474124927992,0.629,11.1
4.763907166925512,8.0,79.0,11.2,8.0,6.390236062524547,0.473,10.9
5.910603035055615,9.0,88.0,5.9,91.0,8.446410922054264,0.703,13.1
5.890596377127087,98.0,99.0,3.96,99.0,8.199727823206128,0.615,12.2
4.085299784430301,98.0,95.0,7.6,98.0,8.358932425411387,0.728,12.8
6.338270181761461,64.0,65.0,5.2,64.0,8.054956165474803,0.596,10.8
3.981620973886994,8.0,77.0,4.24,8.0,6.549169725276147,0.483,9.7
5.400522774082798,92.0,92.0,8.2,92.0,7.546390491831213,0.468,6.8
4.668999670506097,41.0,6.0,4.0,53.0,7.23337841493471,0.481,9.2
6.623240658586851,78.0,99.0,11.44,99.0,8.484513871820873,0.885,16.1
5.274041517587138,46.0,46.0,3.7,46.0,8.005688777324211,0.514,9.8
4.987684218233415,95.0,95.0,5.28,95.0,7.129789351051804,0.0,9.2
6.046143121937266,94.0,94.0,7.46,94.0,8.745503765845143,0.742,14.2
4.348494118818518,94.0,9.0,5.67,94.0,6.51909861123948,0.792,16.3
7.413565357100976,7.0,96.0,9.1,97.0,9.369917401927948,0.782,15.7
6.384367915564483,95.0,95.0,6.41,95.0,8.688436894236668,0.755,13.5
6.169891407324531,78.0,82.0,5.91,79.0,7.813267260682573,0.65,11.3
3.978284339421041,46.0,72.0,7.67,76.0,6.065447872207868,0.744,15.2
8.359817455816065,96.0,97.0,8.49,94.0,10.347389771348531,0.846,15.6
6.775536760047389,96.0,95.0,6.88,95.0,8.96377912810931,0.775,14.2
6.278485434024774,93.0,93.0,5.82,93.0,8.12777543307341,0.658,11.1
5.087662033691477,93.0,92.0,4.85,93.0,7.111035281784507,0.53,9.8
0.6742176685076932,81.0,78.0,4.69,81.0,2.6382830299226074,0.456,8.2
5.569456407504357,93.0,94.0,6.48,94.0,7.565676548530966,0.856,16.5
6.696099615972595,99.0,99.0,4.13,98.0,8.877141621647638,0.758,14.6
6.077179986295345,98.0,98.0,6.9,96.0,8.552014365582838,0.771,15.4
4.2547519860265774,93.0,92.0,5.3,93.0,6.260524023540235,0.708,13.3
6.303422603848225,75.0,78.0,2.86,81.0,9.030473852310893,0.645,12.4
5.849049312037877,98.0,98.0,5.1,98.0,8.280249396518656,0.633,10.3
6.826359101573198,98.0,98.0,6.11,98.0,8.881919169626334,0.714,12.1
1.2926777121823037,43.0,97.0,5.67,96.0,3.1073803510018325,0.72,12.5
4.187473078777361,98.0,98.0,6.54,98.0,6.028644164218161,0.71,14.4
7.839896144388771,96.0,97.0,2.23,98.0,10.544085018163742,0.84,14.2
8.414104493890951,46.0,94.0,8.76,94.0,10.790134986455076,0.907,18.2
6.767770374947875,8.0,92.0,7.25,91.0,8.289672190534546,0.708,11.7
6.147908974141766,95.0,98.0,5.86,98.0,8.513626562349806,0.784,14.7
6.013175308639919,97.0,99.0,4.15,99.0,8.439090589619607,0.687,12.6
6.763827089338973,42.0,89.0,11.17,91.0,8.471034976228431,0.898,15.9
4.198202899474689,96.0,96.0,3.99,96.0,6.8797230076092415,0.764,12.8
3.858351768079221,95.0,92.0,8.39,92.0,5.644802272956251,0.902,20.1
5.51168771855236,8.0,85.0,5.33,81.0,8.673146446770469,0.737,11.7
0.8933439990783328,83.0,83.0,11.9,83.0,4.37499541976549,0.426,9.5
3.4742099551333605,67.0,77.0,4.71,67.0,7.9529451145278625,0.676,11.7
2.068724820078037,86.0,84.0,6.24,86.0,4.566888005075611,0.54,10.7
6.468790637826249,96.0,96.0,4.45,96.0,8.944307299656069,0.714,12.2
6.672382835508228,97.0,81.0,6.1,97.0,9.056113672359494,0.749,15.8
2.219272766437524,87.0,87.0,6.14,87.0,4.136227545694466,0.415,9.1
7.426187562417589,89.0,94.0,8.6,94.0,9.524493230496246,0.79,13.8
6.407916889223476,95.0,95.0,5.61,95.0,8.415657961127405,0.7,12.4
8.475309158966631,96.0,96.0,9.28,97.0,10.45780717939382,0.877,16.6
5.810945658331268,98.0,97.0,3.79,98.0,9.870844124263598,0.814,14.4
5.8474182258749705,61.0,66.0,3.66,67.0,7.90062230205973,0.582,10.7
5.23948688988396,46.0,48.0,3.69,48.0,7.835556431067659,0.5,9.6
3.716820952622628,99.0,99.0,5.11,99.0,6.305867999638236,0.62,11.7
6.725476366238912,95.0,95.0,4.2,95.0,9.16622737272312,0.747,12.2
4.0798370592877085,89.0,94.0,7.82,89.0,5.617591231810061,0.366,10.0
4.334122298249427,59.0,63.0,3.0,59.0,7.763366669867791,0.631,10.2
3.252219131394049,57.0,6.0,3.85,57.0,6.081509878022176,0.376,8.1
6.197295359284195,97.0,97.0,1.98,97.0,8.639583992508811,0.665,10.6
3.5796064811557207,6.0,66.0,4.25,65.0,6.676150656042528,0.536,9.7
4.183665638551428,44.0,79.0,4.33,82.0,7.288020149630224,0.58,10.8
0.8707274033063157,66.0,58.0,8.7,58.0,3.26934571655277,0.396,7.9
3.083423670819081,99.0,99.0,3.28,99.0,5.780720722322684,0.746,13.6
6.432862743927902,98.0,98.0,9.52,98.0,8.15751195281297,0.625,12.1
5.981242807424269,99.0,99.0,8.28,99.0,8.897621882646776,0.7,13.5
7.953777448187027,98.0,99.0,2.61,99.0,10.70545056506692,0.86,14.9
5.070523032716237,92.0,93.0,8.57,92.0,8.329385213701602,0.749,13.4
5.489746756241591,98.0,98.0,4.21,98.0,8.386259417485658,0.72,14.7
0.6120381672095231,37.0,73.0,4.38,74.0,3.01149562650344,0.563,10.5
5.176210242607467,62.0,81.0,5.1,79.0,8.256461439614514,0.708,11.6
2.728130253964646,98.0,99.0,6.28,99.0,7.027597100550328,0.808,15.0
4.460790783724192,91.0,9.0,5.17,91.0,6.504052791045941,0.377,6.7
2.6671623051049447,48.0,85.0,3.23,88.0,5.19501861288637,0.636,11.6
5.041347963710058,87.0,9.0,4.87,87.0,7.223064062660957,0.504,11.4
7.457074540877181,94.0,98.0,2.76,98.0,10.200729822818392,0.791,14.4
3.5988806191120988,72.0,78.0,5.36,78.0,5.906913776705081,0.658,11.5
4.493684059358779,99.0,97.0,2.43,99.0,7.369053790899447,0.753,11.5
4.8425958037166765,82.0,85.0,2.83,78.0,7.721102864339208,0.645,11.7
4.408103161651859,96.0,96.0,7.67,96.0,6.255670796770956,0.0,14.3
9.69622731464943,94.0,99.0,6.94,99.0,11.688337722433907,0.892,13.9
8.31035199884456,97.0,95.0,3.61,96.0,10.641114491275026,0.826,13.5
3.7688557341965936,86.0,95.0,2.8,94.0,6.205596939608866,0.506,8.4
4.7321653879319845,99.0,96.0,4.16,97.0,7.115548006999639,0.676,12.1
2.095876343428338,64.0,66.0,8.53,78.0,4.854895125033351,0.694,12.0
4.328385174976505,81.0,86.0,4.34,85.0,8.444259763983958,0.685,12.7
6.022392715465849,94.0,66.0,4.72,77.0,7.921456855445842,0.692,13.0
3.077861091477982,98.0,92.0,3.28,91.0,5.480187692385948,0.683,13.2
6.502393582776778,97.0,98.0,1.17,98.0,8.398237886170271,0.878,15.9
1.5514779819596138,88.0,94.0,5.5,88.0,3.422718205215987,0.512,9.6
5.543100389283726,83.0,84.0,2.9,83.0,8.213098226930683,0.669,12.6
1.8962328173190863,99.0,99.0,4.89,99.0,6.125804178332173,0.691,12.5
9.30449217839777,92.0,92.0,9.2,92.0,11.038851627654449,0.927,19.8
7.003291648658149,94.0,96.0,6.8,96.0,9.176677657293917,0.807,16.2
7.801573085686049,99.0,99.0,2.25,99.0,10.662388700825954,0.787,14.1
3.772499992327115,96.0,96.0,2.85,96.0,6.424508409621208,0.52,8.6
2.7233095140077928,65.0,86.0,4.56,86.0,5.038136317131263,0.592,9.6
6.333919183438498,99.0,99.0,4.21,99.0,9.027890246557636,0.712,12.1
6.564723692021548,95.0,99.0,1.79,95.0,8.589969120880594,0.771,17.1
3.3488090897379488,95.0,93.0,7.18,95.0,6.1939335553178765,0.746,14.7
7.688962321928744,98.0,99.0,9.26,99.0,9.993137173381244,0.86,17.1
6.283349468018527,78.0,75.0,8.83,78.0,8.58926433163544,0.733,13.2
5.423763300836333,95.0,95.0,8.35,95.0,7.508172252444166,0.562,11.1
2.788412129204099,83.0,85.0,5.39,83.0,4.764515635320136,0.562,10.1
3.830598357564976,28.0,8.0,3.65,8.0,6.301824752007806,0.0,9.2
6.728703589580114,81.0,75.0,7.12,81.0,9.0752037259072,0.758,13.2
4.529472255427822,97.0,98.0,5.1,98.0,6.54426274082838,0.793,15.6
2.5097672807828144,37.0,44.0,3.62,37.0,4.844175393476843,0.39,7.3
4.475352019256497,69.0,7.0,5.77,69.0,6.151811523747876,0.422,8.4
3.448940616722666,95.0,95.0,1.42,99.0,7.434619559303389,0.585,11.9
5.286696177854022,93.0,93.0,8.3,93.0,7.419295301704415,0.463,7.0
8.23229583165051,92.0,94.0,2.57,92.0,10.661336051059648,0.826,12.9
3.247785332091505,94.0,99.0,5.42,94.0,5.2444729260158445,0.509,9.5
8.22976218531133,92.0,94.0,2.33,92.0,10.65427187707646,0.823,12.8
6.867897259272167,95.0,94.0,2.51,98.0,9.819583216238064,0.786,14.1
4.387201058223872,98.0,99.0,6.2,99.0,6.712046393246124,0.797,14.8
4.278827338702971,91.0,88.0,7.12,89.0,6.820862899275686,0.437,10.7
3.9933773406036654,8.0,81.0,3.96,8.0,6.050190046497168,0.491,7.7
5.63250227708945,97.0,97.0,3.8,97.0,7.999045929754367,0.813,14.4
3.928626928201711,84.0,81.0,13.13,84.0,5.980386521493523,0.375,8.5
5.88036364385077,92.0,81.0,4.56,86.0,7.80349381349465,0.685,12.8
7.269956354192272,9.0,9.0,7.2,9.0,8.976437070607448,0.72,13.6
4.119982791153616,51.0,89.0,8.72,84.0,6.659786866755007,0.677,11.8
6.332868300394397,87.0,83.0,9.81,87.0,8.458254479055478,0.688,12.3
6.818595627739261,95.0,93.0,5.83,94.0,8.97007137626149,0.798,16.2
5.049060100214931,79.0,77.0,3.98,79.0,9.177893933006876,0.678,12.5
7.704976049165715,96.0,99.0,2.73,95.0,10.470762837202695,0.845,14.2
3.101757049691966,4.0,9.0,1.87,84.0,7.07954148080468,0.526,9.1
5.785513402023065,66.0,74.0,7.8,71.0,7.842468631479169,0.734,14.9
4.592499019159473,91.0,93.0,5.5,91.0,7.084194502057882,0.668,10.9
1.266644108986823,83.0,88.0,3.24,88.0,3.4695529212073555,0.68,12.0
4.357932593478903,78.0,78.0,6.64,78.0,6.215901004858344,0.442,10.6
6.037660263129348,95.0,95.0,8.55,95.0,9.558705873926955,0.78,15.5
4.410235385836536,49.0,79.0,7.86,75.0,7.36481543927772,0.675,11.2
8.033974153258592,96.0,97.0,3.46,97.0,10.577058917761116,0.873,14.1
5.147277374178614,92.0,93.0,5.72,92.0,7.1979186205380845,0.546,11.1
6.418217056487087,97.0,96.0,5.89,96.0,8.25695337351326,0.617,12.2
3.079669025432682,97.0,97.0,5.24,97.0,7.067647416480652,0.75,14.3
4.561807384161499,81.0,85.0,5.12,83.0,7.134405817621275,0.599,10.3
5.5645372110129285,87.0,88.0,7.43,87.0,9.641205153217594,0.785,15.3
3.892403687293815,95.0,95.0,6.6,95.0,5.790819776865325,0.618,10.2
5.598952478988497,99.0,99.0,2.65,99.0,8.333478312399539,0.863,15.0
6.017619564984247,9.0,99.0,9.75,99.0,7.870901348264555,0.847,14.3
1.3058697460706818,29.0,57.0,7.78,57.0,3.228522065926397,0.404,11.0
6.050429795042429,9.0,91.0,4.87,9.0,7.734286970129967,0.693,14.6
6.105617669482261,66.0,7.0,5.92,68.0,8.843070132753718,0.659,10.3
3.3124146902755807,95.0,97.0,5.11,96.0,5.460818455886677,0.596,11.9
5.420855132979774,94.0,95.0,6.6,95.0,7.547263521545431,0.835,16.1
6.502254302130697,99.0,97.0,5.6,97.0,8.67072865266392,0.755,13.7
4.559093448624201,82.0,82.0,9.9,82.0,6.3722889063516615,0.477,10.7
5.8122090224301415,97.0,96.0,9.62,97.0,7.73174846849923,0.797,15.4
6.781784191322023,91.0,97.0,1.12,95.0,8.756969863502134,0.766,14.1
6.60219310300847,91.0,85.0,8.61,91.0,8.277735599355461,0.526,11.2
5.606737485640168,98.0,98.0,9.5,98.0,7.731288467501632,0.837,16.8
6.950918163480274,89.0,9.0,7.8,9.0,8.39538135176684,0.719,12.2
6.880310120972011,7.0,87.0,1.82,87.0,8.572290585034615,0.903,15.9
3.4701597176606813,96.0,94.0,8.82,96.0,5.4475746314113564,0.361,9.3
2.496921095589105,64.0,63.0,3.79,64.0,4.9961205293793824,0.476,7.1
0.7138887786497464,96.0,97.0,6.75,96.0,2.722243136529201,0.617,11.2
6.297152597082181,97.0,98.0,6.22,99.0,8.647260318395722,0.796,15.3
6.16161134365371,96.0,97.0,8.82,96.0,8.114548562015832,0.856,16.0
7.626934961884006,99.0,99.0,13.73,99.0,8.95121226051245,0.693,12.7
4.929130143073552,95.0,91.0,1.15,95.0,7.453192010089637,0.589,11.9
3.519938721849892,96.0,97.0,5.61,97.0,7.422713930012108,0.715,13.0
2.2189912420767377,96.0,96.0,8.6,96.0,4.941284922999648,0.553,10.8
5.5757936281819225,92.0,94.0,2.38,94.0,8.123340998628152,0.791,11.8
5.64839823145612,96.0,98.0,3.58,98.0,7.766389901892552,0.666,11.8
4.178076641632535,76.0,94.0,6.58,86.0,6.048868074766195,0.325,4.7
1.3333795390824763,62.0,86.0,1.83,73.0,5.514407138350957,0.465,7.9
3.260502447268603,93.0,94.0,7.23,94.0,7.476457584904951,0.713,12.9
4.375382137060212,99.0,99.0,1.2,99.0,5.838795854345215,0.404,9.3
4.199549761118903,99.0,99.0,3.17,99.0,6.878133452754623,0.725,11.2
3.883961998311251,88.0,89.0,8.46,88.0,5.809694213362684,0.519,10.8
5.793506818443381,93.0,93.0,6.21,93.0,9.71258874890554,0.779,15.5
2.4923003100268697,65.0,41.0,8.82,41.0,5.296959162606505,0.373,6.5
7.179643601435531,92.0,91.0,5.38,92.0,9.562746822043149,0.761,14.6
8.673063779638463,88.0,96.0,1.37,96.0,10.439013622032542,0.877,16.4
6.497984204492825,95.0,96.0,5.41,95.0,8.922493269374343,0.697,12.6
4.05059096572509,93.0,94.0,4.92,94.0,6.163763831838145,0.582,8.9
6.159503936103215,89.0,84.0,9.42,89.0,8.29132566845763,0.675,12.3
5.923414304956371,95.0,99.0,9.76,99.0,7.997317741221238,0.857,16.2
3.8440341149264343,93.0,95.0,8.5,93.0,7.996119185250796,0.0,12.5
3.347885309158229,95.0,95.0,8.88,95.0,5.415379564685693,0.73,13.8
2.579153559976024,97.0,98.0,5.52,97.0,6.576221488139424,0.703,11.6
5.292165825054291,99.0,99.0,3.4,99.0,7.732861954883139,0.812,14.4
6.374816409866934,97.0,97.0,7.18,97.0,8.328101781188554,0.717,14.6
5.990478641762986,9.0,9.0,7.3,9.0,7.876182729061957,0.636,12.4
6.327437817480524,58.0,6.0,5.8,65.0,8.279946329303169,0.693,12.9
2.319010942938544,97.0,93.0,7.2,97.0,6.2918539528840425,0.447,10.2
4.3013610080266,84.0,84.0,6.22,84.0,6.270837191688622,0.678,11.5
5.821035985250043,88.0,88.0,3.78,88.0,8.259024390072387,0.667,12.1
2.546763696954274,94.0,94.0,3.69,94.0,5.792481887777502,0.406,5.2
5.590126954824613,99.0,99.0,3.64,99.0,7.909540501288332,0.81,14.4
3.792484677897943,92.0,88.0,7.5,87.0,5.853603738931443,0.508,10.5
3.0255181310844934,94.0,95.0,5.94,96.0,5.8880988737618605,0.696,12.9
4.711900020800377,75.0,77.0,5.37,75.0,6.717735509317236,0.454,9.8
6.286432362026029,93.0,93.0,6.8,93.0,8.143400430923638,0.624,10.3
4.0974804986961,65.0,69.0,4.13,65.0,7.523286323277989,0.628,10.1
6.897832567105562,86.0,86.0,5.93,86.0,9.026414759772946,0.704,12.5
6.369069086041864,97.0,96.0,4.24,97.0,8.791129371181722,0.72,13.5
4.52469194287443,99.0,99.0,5.3,99.0,8.636716251906542,0.7,12.8
4.408462203652408,92.0,91.0,7.41,92.0,6.31670528900203,0.356,5.9
4.759940450975674,48.0,99.0,6.25,99.0,6.780462086549261,0.683,13.9
5.196919995027447,99.0,93.0,2.62,94.0,7.868305335781755,0.834,14.1
2.916848010291216,92.0,9.0,1.92,9.0,6.896427949533414,0.515,8.8
1.4595540930302695,68.0,67.0,5.82,68.0,3.7987758719956974,0.345,5.3
4.388366804875604,74.0,73.0,4.15,74.0,6.13713016323935,0.508,10.3
3.164323266107403,92.0,96.0,6.7,96.0,5.229448148130016,0.705,12.5
3.9330118982448417,87.0,87.0,5.59,87.0,6.467117214512673,0.419,9.2
6.20337593519282,98.0,98.0,2.51,98.0,9.14270238771486,0.752,15.4
6.500499414676767,98.0,99.0,1.54,99.0,8.406389376739028,0.886,16.2
3.8775189011506535,74.0,82.0,5.82,74.0,6.646616837676344,0.476,10.5
5.502690164808676,95.0,95.0,5.1,95.0,9.44116764772696,0.822,16.1
5.38546971885018,81.0,81.0,8.95,81.0,7.33768978777888,0.46,6.3
8.854206128261305,47.0,98.0,1.57,98.0,10.72359017553899,0.877,16.1
8.2952760372695,92.0,94.0,2.93,92.0,10.731164651402857,0.829,13.1
5.176502891109966,95.0,97.0,3.32,96.0,7.546523027400175,0.649,11.2
5.43713891384684,97.0,97.0,9.15,97.0,7.544445309053619,0.717,13.2
4.371776977189467,67.0,67.0,8.52,67.0,6.508708032273233,0.463,9.8
7.855501387831374,82.0,76.0,8.36,74.0,9.871819862553188,0.808,14.4
6.391465909940591,9.0,9.0,8.1,9.0,8.38585276145061,0.751,13.2
5.3369937883324114,97.0,97.0,8.25,97.0,7.21284436152924,0.803,14.2
4.4994807511311645,88.0,89.0,5.91,88.0,6.551727050163808,0.392,7.5
4.39048287170673,66.0,66.0,9.2,66.0,6.317758265057453,0.448,9.2
4.481962941749854,77.0,73.0,4.59,77.0,6.820308307425877,0.466,10.3
4.073216704125358,96.0,96.0,6.68,96.0,5.897021353362606,0.651,12.9
2.1392208086374573,82.0,82.0,4.55,82.0,4.350734851312603,0.438,8.9
5.772449723667242,9.0,95.0,3.82,95.0,8.277966838134029,0.69,12.3
6.31042416497151,89.0,9.0,6.81,89.0,8.226195529801794,0.666,13.0
5.136988298296289,95.0,96.0,5.27,95.0,7.197777331543781,0.0,9.6
4.63289623792369,66.0,72.0,6.59,66.0,6.729692616210553,0.404,7.5
1.6031574278142395,99.0,99.0,4.69,99.0,5.530156164396794,0.815,14.5
6.907104872413634,98.0,98.0,6.4,98.0,8.985670461242888,0.719,12.2
4.529406965142719,8.0,86.0,4.94,84.0,7.1421430168264495,0.596,10.2
7.019339706455525,97.0,96.0,3.42,96.0,9.528126931494322,0.761,12.4
5.07523551770519,99.0,99.0,3.23,99.0,7.728666457045646,0.788,14.1
3.489384018263576,92.0,91.0,5.4,91.0,6.201507413972096,0.718,12.6
4.2622226387209885,68.0,67.0,4.32,68.0,6.434440124684784,0.434,9.7
5.924958396256075,98.0,98.0,8.35,98.0,7.92438481319123,0.736,13.6
4.033007037757199,84.0,83.0,4.98,84.0,5.937135842098257,0.483,9.1
6.88215915021893,88.0,78.0,5.47,88.0,8.77840671711469,0.735,13.4
4.405826141490824,84.0,84.0,3.77,84.0,7.1911799164052645,0.509,8.5
7.237614758727125,9.0,91.0,5.29,9.0,9.722262141554785,0.772,12.5
4.003207230813199,56.0,65.0,4.41,58.0,5.942160426948294,0.393,8.1
3.603216384022629,93.0,93.0,5.93,93.0,6.503308437614383,0.601,11.1
5.823916181171588,61.0,67.0,3.87,68.0,7.542973174009825,0.0,10.6
1.430639811931134,94.0,94.0,5.3,94.0,3.029491851818592,0.519,9.1
4.315697834876713,88.0,87.0,6.75,87.0,6.749877771986943,0.497,11.1
7.152172977513083,96.0,97.0,5.29,97.0,9.33627973859064,0.737,13.8
9.065392621275244,56.0,88.0,11.2,89.0,10.76739968971841,0.898,15.9
5.125914556742148,58.0,96.0,9.14,96.0,7.050466615441403,0.777,15.5
0.0,68.0,67.0,7.13,65.0,6.12110292740892,0.407,9.2
6.125428115050047,96.0,97.0,7.8,96.0,8.267369360785317,0.745,13.5
4.547200864757481,81.0,81.0,5.13,81.0,6.680823549071061,0.461,10.2
2.541369260085021,7.0,74.0,3.21,78.0,4.94106918691254,0.618,11.4
2.787214208985984,94.0,94.0,6.7,93.0,5.137478554274313,0.709,12.9
6.267917679576717,96.0,99.0,8.24,99.0,9.081212270619767,0.704,13.3
7.20581830514981,95.0,99.0,7.95,99.0,9.022889250632394,0.874,13.5
6.888831085038382,98.0,98.0,5.83,98.0,9.078969224911551,0.723,12.2
5.930051888168715,98.0,97.0,5.3,97.0,7.928750420923911,0.722,12.5
5.2220158615901004,85.0,85.0,6.64,85.0,8.885819981838692,0.7,13.0
5.871185052639798,99.0,98.0,8.17,99.0,7.713968431771598,0.607,11.3
3.8065408077006895,99.0,96.0,3.61,95.0,8.111903627799236,0.691,13.4
6.128991764343913,63.0,65.0,3.85,65.0,8.094658271507729,0.591,10.8
4.24430510998003,84.0,82.0,5.18,84.0,7.118441005634588,0.466,8.8
3.2849937337410817,73.0,8.0,4.78,79.0,5.442216997739638,0.506,10.0
1.28819489319076,88.0,76.0,5.7,83.0,3.8130259002597935,0.579,10.7
6.4381294708330215,99.0,99.0,4.97,99.0,8.898246256937252,0.734,13.8
6.783728700161016,94.0,95.0,11.59,94.0,8.32321723233577,0.75,15.5
6.23754994341054,8.0,8.0,1.9,8.0,8.56676830438512,0.0,15.0
2.1535547963017483,75.0,77.0,4.2,75.0,4.420662438820467,0.444,9.1
6.985543335454197,96.0,96.0,8.11,96.0,8.779335035765593,0.663,11.8
5.204074423244188,96.0,95.0,5.58,96.0,7.66885341622427,0.673,13.4
3.481314928689004,67.0,56.0,5.9,67.0,6.033441985845397,0.341,5.3
2.2537610005640567,92.0,92.0,5.8,92.0,4.346900596983168,0.551,12.4
6.910547708519172,94.0,99.0,4.99,94.0,9.470982879686202,0.823,17.3
4.2306613142748,33.0,4.0,3.17,33.0,6.897943665440278,0.37,6.7
4.230849811527373,65.0,7.0,6.55,65.0,5.874499048926749,0.411,8.2
3.50395107089853,98.0,99.0,6.1,98.0,5.897529758519371,0.703,11.6
6.311389213506954,97.0,98.0,5.81,97.0,8.356974816201227,0.7,12.7
3.970139500050982,96.0,97.0,5.98,96.0,6.728079772666814,0.608,11.1
7.348889251171228,98.0,98.0,3.16,98.0,9.795912282786736,0.806,14.0
5.238484296590505,75.0,88.0,4.62,88.0,7.689355911075553,0.675,12.5
8.601661495184524,96.0,96.0,9.27,96.0,10.55413645862203,0.872,16.4
3.111972484112008,99.0,99.0,3.91,99.0,7.08466002464203,0.712,12.1
7.734376041120579,94.0,99.0,7.18,99.0,9.726161656623235,0.892,13.9
3.8192978740252537,85.0,9.0,4.31,88.0,8.051942186538431,0.707,11.7
4.25361422595203,24.0,8.0,5.73,81.0,6.242985453515257,0.441,10.1
1.9919764981627437,88.0,97.0,6.47,97.0,5.876666252053378,0.558,11.9
3.893836931501209,8.0,8.0,1.19,8.0,6.031554973297369,0.416,9.6
3.886425812983755,46.0,49.0,5.25,53.0,5.779332400266593,0.682,12.9
5.019983958836148,82.0,83.0,6.3,83.0,7.170017738267656,0.753,12.9
9.649675515396726,94.0,99.0,7.1,99.0,11.64178339144438,0.892,13.9
6.37322590906116,82.0,84.0,4.98,82.0,8.358796852118392,0.718,14.3
5.028884866353336,89.0,9.0,8.99,92.0,8.06336179579024,0.735,13.1
7.724918618196309,95.0,96.0,3.63,96.0,10.067926344917195,0.819,12.7
6.363739616561927,98.0,98.0,1.96,97.0,8.8063136719629,0.672,10.7
2.3312681375999467,99.0,98.0,5.81,96.0,4.436478621386124,0.631,11.8
4.302039212222089,71.0,69.0,9.1,71.0,6.110785995023385,0.453,10.6
5.711617629837653,96.0,98.0,3.51,98.0,7.886396833225022,0.674,11.9
5.23907683796374,88.0,88.0,8.84,88.0,7.1906739544506175,0.441,5.5
5.72994631308079,87.0,97.0,5.73,97.0,8.048781232391129,0.56,11.8
5.151953386780345,88.0,89.0,8.5,89.0,7.103133870476994,0.427,5.0
5.682739621998393,98.0,99.0,6.82,98.0,7.2899502275670365,0.613,11.3
4.133447262322372,87.0,86.0,4.1,87.0,7.273884579313888,0.507,10.4
4.638352599479216,99.0,99.0,3.73,99.0,7.102828412740577,0.728,13.1
4.13935995932694,74.0,73.0,3.23,74.0,7.063506696088449,0.475,7.2
3.726589366004589,52.0,44.0,2.88,45.0,6.591368260116815,0.646,12.4
4.307023452400663,64.0,62.0,8.13,64.0,6.450067459449026,0.47,9.9
4.056334873695729,63.0,63.0,9.42,63.0,6.102319858959644,0.434,8.9
6.503895038035478,91.0,95.0,6.92,95.0,8.898330421773524,0.792,15.1
4.69118835299127,96.0,96.0,6.61,95.0,8.895235368467842,0.761,13.8
4.375900533374566,99.0,98.0,2.31,98.0,7.279008442420112,0.748,11.6
9.74270405630256,95.0,96.0,7.34,99.0,11.659296622633256,0.894,13.9
3.4686801087437065,8.0,8.0,3.12,8.0,5.925008331569343,0.489,7.9
4.2421665598338905,85.0,85.0,4.34,85.0,7.136203287952318,0.496,10.4
5.14829276913984,66.0,67.0,3.52,7.0,7.211508628097723,0.0,10.2
5.904816456849009,96.0,96.0,4.45,96.0,8.277496442511152,0.695,12.8
4.322075309447106,91.0,92.0,1.7,91.0,5.923835061858916,0.4,9.6
3.781278279809388,95.0,97.0,6.26,95.0,5.869713032758683,0.757,14.7
5.406466590142783,99.0,98.0,6.38,97.0,7.790525725110208,0.681,10.9
5.078511046104197,85.0,86.0,4.41,87.0,7.510070075977614,0.661,11.7
4.09648397271722,87.0,87.0,7.29,87.0,6.516167779865031,0.725,13.4
4.290995152560912,5.0,96.0,5.0,96.0,6.620908340375656,0.721,11.9
3.674240418129628,82.0,83.0,5.11,85.0,5.68070981282013,0.478,9.0
3.888079469724617,55.0,81.0,6.94,8.0,6.5410266961541454,0.0,11.4
6.848752009288697,99.0,99.0,3.4,94.0,9.731940925134358,0.82,13.3
3.994668359462059,83.0,82.0,6.7,83.0,6.30070765950068,0.405,8.9
4.79210499700924,99.0,99.0,5.5,99.0,8.818114101403548,0.0,14.9
5.1623576536532125,98.0,98.0,3.57,98.0,7.774329321394833,0.804,13.9
4.156796142838394,99.0,99.0,3.7,99.0,6.759470978255607,0.0,10.4
5.404850132352103,91.0,91.0,7.42,91.0,8.396303271890602,0.759,13.5
3.2911564990436903,64.0,64.0,8.33,64.0,5.925220883173701,0.433,8.7
2.223580398656546,94.0,95.0,8.37,95.0,6.038567994331743,0.703,12.9
7.547682463941429,99.0,95.0,7.35,95.0,9.897930742022233,0.863,15.9
1.4591158739967494,98.0,97.0,5.86,97.0,3.5871041704908206,0.696,11.4
1.0030536329962132,99.0,93.0,1.3,99.0,2.933854210257899,0.309,7.2
7.552302739487019,95.0,95.0,5.16,95.0,9.716401784890984,0.829,16.1
5.260894487961259,77.0,81.0,3.39,77.0,8.169204645533457,0.488,9.0
8.549530495093688,93.0,93.0,2.16,92.0,11.391501317027648,0.837,13.4
8.027901096072396,94.0,91.0,8.18,92.0,9.879135518042451,0.899,20.5
1.4701337672038364,93.0,95.0,4.86,95.0,5.517993272523616,0.582,11.2
7.593352498679419,98.0,99.0,5.63,98.0,9.403261895099131,0.783,14.1
5.501418176933096,91.0,92.0,5.17,91.0,7.687044092288818,0.0,11.4
4.257462210776846,96.0,97.0,4.76,96.0,8.37237004091777,0.7,12.8
8.184192448422317,44.0,83.0,1.12,84.0,10.10605018338659,0.837,15.5
3.7733790364577695,76.0,67.0,6.39,85.0,5.652107208379308,0.318,6.7
4.229883205241819,9.0,79.0,6.56,78.0,6.25889782623132,0.35,6.1
8.377778310108418,97.0,95.0,7.81,95.0,10.534329615787728,0.895,16.0
7.009100873519826,85.0,92.0,6.49,91.0,8.881088475449316,0.788,16.3
5.676812281722708,95.0,96.0,6.0,96.0,8.117828824683656,0.716,13.7
8.56038079565814,96.0,96.0,9.42,96.0,10.487109268288656,0.869,16.4
6.704948035448007,84.0,85.0,5.92,85.0,8.833340724648975,0.691,11.9
6.1552548613660285,66.0,94.0,8.31,93.0,7.855619546430775,0.776,16.3
4.531031896728657,88.0,86.0,8.85,88.0,6.841004780425328,0.447,10.7
3.1960302351504137,96.0,95.0,6.4,99.0,7.229511992878701,0.838,15.4
5.549552719535908,75.0,75.0,3.3,75.0,8.433648523096771,0.508,10.3
5.850855598136492,72.0,7.0,8.9,7.0,7.831775366674256,0.62,12.9
3.82411984444462,68.0,71.0,5.9,78.0,5.646944715283467,0.651,12.2
2.2957444789526518,73.0,75.0,4.63,73.0,6.254390739625868,0.416,7.7
8.941450042846888,88.0,95.0,11.4,96.0,10.639065972087597,0.906,16.7
7.201583698136472,97.0,97.0,7.7,97.0,9.555840378236798,0.803,14.9
2.94933073918563,92.0,89.0,5.87,92.0,5.777474434336352,0.688,12.8
7.333348301997605,97.0,98.0,7.9,97.0,9.651473513656216,0.799,14.6
4.3013603725264895,65.0,99.0,11.2,99.0,6.161930245976346,0.879,16.0
8.213298884821935,99.0,98.0,2.63,99.0,11.026454805415696,0.828,11.8
4.075456684355061,74.0,75.0,3.1,74.0,7.112502909348692,0.525,7.5
7.283865851704862,99.0,98.0,4.41,99.0,9.33899203619325,0.0,0.0
2.4892703674081367,91.0,9.0,2.5,9.0,6.61039602124954,0.504,8.5
3.519166134294296,55.0,96.0,6.25,93.0,6.435738020064267,0.639,11.2
1.467053266647121,8.0,8.0,3.7,78.0,3.700918517886502,0.484,7.6
6.33775165668134,99.0,99.0,8.65,99.0,9.054199260887588,0.714,13.8
5.0525658425834505,86.0,86.0,5.99,86.0,7.069686480751802,0.642,12.7
3.9908358579397625,91.0,91.0,5.55,91.0,6.6157810581594525,0.511,10.5
5.707648666628423,96.0,98.0,8.0,98.0,7.688912013603847,0.577,11.3
6.948204502591949,93.0,93.0,11.3,93.0,8.401613241433484,0.91,19.2
5.56128620783751,95.0,95.0,9.68,95.0,7.502897257124508,0.712,13.0
5.311969070543409,85.0,87.0,7.25,85.0,7.372009367500408,0.765,12.8
9.020789557796853,89.0,89.0,1.94,89.0,10.842082513227824,0.88,15.7
5.399942560068284,81.0,86.0,3.54,86.0,7.863259916294093,0.673,11.7
5.576489483629631,84.0,91.0,5.1,87.0,8.88054258364633,0.741,11.7
7.987651983948035,6.0,96.0,8.29,95.0,10.048564317923704,0.873,18.2
7.597110465009863,99.0,98.0,5.33,99.0,9.411308999779358,0.781,13.9
4.006596527967122,98.0,98.0,6.21,98.0,5.881503671557972,0.659,13.4
7.316767064853229,91.0,93.0,5.89,91.0,9.451558281518992,0.816,17.1
4.636100614110914,74.0,74.0,6.74,74.0,6.537674335994972,0.36,5.8
3.257987737487534,83.0,82.0,4.71,83.0,5.289751635194422,0.659,12.3
6.142204086319008,91.0,9.0,6.44,95.0,8.463050541890212,0.739,14.9
7.701749906709241,99.0,99.0,4.37,99.0,10.071133895279848,0.812,14.5
7.639831181993304,99.0,99.0,1.93,99.0,10.925452725588336,0.787,13.8
8.24121874948218,98.0,94.0,7.39,94.0,10.424010720851086,0.883,15.8
2.261430226411365,5.0,78.0,7.92,77.0,4.985087032209077,0.668,11.0
5.617326211198904,95.0,96.0,4.48,95.0,8.212255927396892,0.732,12.7
6.051337024958578,95.0,96.0,9.1,96.0,7.980343253739154,0.874,17.5
6.384816177227938,92.0,93.0,6.7,92.0,8.2503031303842,0.67,13.2
6.653430173915816,89.0,91.0,1.9,91.0,8.596536104752362,0.755,13.6
5.924952221165367,98.0,92.0,6.46,94.0,8.10117905039859,0.745,14.0
5.164686328387634,91.0,91.0,6.67,91.0,9.65086095373591,0.78,15.5
4.547103778823412,98.0,98.0,6.91,92.0,6.642308474907412,0.0,7.3
2.1056099873755114,77.0,73.0,3.96,76.0,6.425549057783899,0.0,9.5
7.884792482754586,86.0,72.0,8.15,72.0,9.995600216640488,0.813,14.6
4.346382479684544,99.0,99.0,3.73,99.0,8.574060296718862,0.747,14.3
4.03616413501024,98.0,98.0,5.81,98.0,6.350045625717198,0.599,10.1
9.091194889072415,92.0,92.0,9.2,92.0,10.85660860438734,0.927,19.5
5.100508246204954,68.0,67.0,3.37,7.0,7.2178962345216915,0.0,10.1
5.745421157355861,97.0,97.0,9.15,97.0,7.667520356341335,0.614,11.6
3.733517456884466,76.0,76.0,6.45,76.0,5.575511700681622,0.311,6.2
6.363257669774328,95.0,92.0,8.45,92.0,8.136727428363427,0.91,20.3
6.004925011712411,8.0,83.0,5.96,8.0,7.781913387420392,0.653,11.4
4.576426354754442,88.0,95.0,6.85,98.0,6.359372860582331,0.78,16.3
1.315488401087954,67.0,66.0,0.76,67.0,4.749805365266924,0.607,12.5
4.898757939525776,49.0,54.0,3.47,54.0,7.752905134056832,0.492,9.5
4.394854473754129,98.0,99.0,6.51,99.0,8.756652907215383,0.776,15.5
4.46742041639477,78.0,84.0,4.72,84.0,7.018128888063355,0.44,6.4
6.254129493481522,71.0,7.0,8.26,69.0,8.236601323950346,0.613,12.9
4.017469582662569,91.0,91.0,11.24,91.0,6.333099192501591,0.401,9.1
5.303645369001144,78.0,8.0,2.85,78.0,8.158400545872341,0.682,12.9
7.627248862890736,95.0,96.0,8.11,99.0,9.487947055230329,0.888,13.5
3.795120401403063,45.0,46.0,3.9,45.0,6.103550159673676,0.352,6.6
3.0344997296748986,97.0,97.0,3.83,97.0,5.467565879767597,0.589,12.6
5.034591960497497,98.0,99.0,4.33,99.0,7.420077421005878,0.703,11.5
6.241422944310854,93.0,96.0,4.71,96.0,8.650933451976334,0.63,12.1
5.400385049728664,98.0,96.0,6.88,99.0,9.441493747627556,0.822,15.1
8.578829528288123,83.0,83.0,1.56,83.0,10.510380147849135,0.841,14.7
3.854327248209805,92.0,98.0,6.36,98.0,5.91266476251876,0.723,14.8
8.21172376987035,95.0,99.0,9.76,99.0,10.373437495965806,0.853,15.9
6.598326790075477,89.0,86.0,9.57,86.0,8.555442147951574,0.742,14.2
2.816291465615762,98.0,96.0,6.88,99.0,4.958969158282153,0.813,15.0
9.370403863201268,91.0,91.0,9.36,91.0,11.124219218364104,0.933,20.3
6.301612504587525,95.0,95.0,7.12,95.0,8.607557846977695,0.737,14.4
6.0751646164731286,96.0,98.0,3.49,98.0,8.12265395084383,0.686,12.4
6.565711485402958,79.0,75.0,7.77,79.0,8.597045294956729,0.609,12.9
5.954574691274996,91.0,91.0,9.31,91.0,7.407585750999655,0.768,13.9
0.6670733771395146,87.0,87.0,5.96,87.0,4.230504129626032,0.416,9.1
2.354273939540525,85.0,85.0,1.87,85.0,6.469174923256077,0.493,8.2
5.664581147048352,41.0,55.0,4.47,49.0,7.852541081710915,0.671,12.6
4.280542258460885,65.0,6.0,8.16,65.0,6.372054843111785,0.479,10.1
7.519401571156282,8.0,8.0,8.3,8.0,9.441034339025888,0.78,13.0
5.915208875490272,88.0,88.0,4.24,88.0,8.28362371857354,0.683,12.5
5.417526945984604,94.0,96.0,4.56,94.0,8.076944587489136,0.72,12.3
1.332620688510292,2.0,76.0,5.48,78.0,5.5401810771483255,0.457,9.2
7.932412176060647,93.0,96.0,9.36,96.0,10.023611656419297,0.839,15.6
7.170242425899271,98.0,96.0,7.12,99.0,9.352585596279006,0.818,15.1
6.983523101108116,98.0,98.0,9.3,98.0,8.670707332810172,0.641,11.8
4.290677658433158,66.0,78.0,2.91,72.0,7.369760758129287,0.632,10.9
3.2664016922463945,83.0,87.0,5.26,84.0,7.401510041179976,0.516,9.4
4.449954233425926,82.0,83.0,6.43,82.0,6.385503831051236,0.515,11.1
2.4165024121649954,91.0,83.0,4.31,91.0,4.92327331019666,0.463,8.3
8.306712216963643,93.0,93.0,4.14,92.0,10.43933690957818,0.815,12.8
5.349426684637986,92.0,95.0,6.35,96.0,7.331634770175489,0.797,14.8
6.355047220502887,98.0,98.0,9.25,98.0,8.150569404308944,0.541,11.4
9.029226776982512,95.0,95.0,11.24,95.0,10.55653014003601,0.901,19.7
8.25076391726074,95.0,92.0,8.32,93.0,10.063324275707428,0.905,20.6
6.627988084944765,99.0,99.0,5.76,99.0,8.98066860138247,0.0,15.4
6.198592230374567,87.0,89.0,8.25,89.0,7.929088730022162,0.886,18.9
3.531503069039001,92.0,93.0,5.21,92.0,6.243291735293945,0.722,12.8
7.055369148053145,99.0,99.0,4.53,99.0,9.184081152798267,0.0,0.0
5.465341709461229,95.0,98.0,4.32,99.0,9.424498863868822,0.774,14.7
3.083900128939619,75.0,75.0,4.96,75.0,5.7889767302914805,0.421,9.7
2.379923347235624,8.0,8.0,4.86,8.0,6.732157188944585,0.458,10.0
7.230728306316781,98.0,98.0,3.37,98.0,9.670765549594348,0.803,13.9
4.027525588784179,42.0,71.0,4.21,71.0,6.549286153461804,0.461,7.2
9.183403615124176,55.0,91.0,1.67,91.0,10.866942769021335,0.909,15.9
6.853987469189327,88.0,71.0,5.23,88.0,8.792415398337125,0.731,13.4
7.551550988069176,9.0,91.0,4.4,9.0,9.9612430538894,0.767,12.4
6.984121796201718,96.0,92.0,5.48,91.0,9.054785099837495,0.797,15.3
4.764381703574055,83.0,83.0,4.11,8.0,7.36420318187784,0.624,11.0
7.610180847365356,98.0,98.0,4.68,98.0,10.10954329529668,0.841,15.8
2.89985539625697,64.0,58.0,7.43,58.0,5.611534757389504,0.405,8.1
5.958780992080036,94.0,95.0,9.47,95.0,7.359255209583491,0.762,13.7
1.676148609313836,62.0,63.0,5.39,62.0,3.976847072043727,0.396,8.5
4.205384175285683,88.0,92.0,8.58,91.0,6.356657231876204,0.71,13.1
2.955775228815133,91.0,95.0,1.52,91.0,7.309322868288598,0.584,11.9
3.724525741660742,42.0,45.0,3.58,42.0,6.111382721732008,0.345,6.4
7.341895937891436,92.0,92.0,5.88,92.0,9.663079409636527,0.822,16.0
2.7444531422929948,81.0,75.0,6.63,81.0,6.742037300331668,0.766,13.3
5.53972766355078,94.0,94.0,8.43,94.0,7.686115603596239,0.485,7.2
6.567368726994525,95.0,97.0,4.49,97.0,9.064677911733874,0.742,12.0
4.735754266426956,94.0,94.0,8.23,94.0,6.138050220005051,0.712,11.9
6.99480858992586,68.0,65.0,8.79,65.0,8.929192067630968,0.644,12.8
3.97975533268294,98.0,98.0,3.5,98.0,7.1013152558279735,0.755,14.3
3.2477740808417463,78.0,78.0,1.57,78.0,5.170001549134385,0.467,6.3
3.501467360696128,97.0,97.0,8.57,97.0,5.364033934141321,0.611,11.7
5.554074736939422,94.0,98.0,5.29,98.0,7.721318969448099,0.654,13.1
4.706870664273228,96.0,97.0,5.23,96.0,6.89613340254172,0.53,11.1
2.8610282021818687,9.0,91.0,5.97,9.0,6.895476013738377,0.611,11.1
6.50237920486033,93.0,93.0,6.77,94.0,8.291489333061376,0.676,13.2
6.36843922714129,85.0,84.0,6.3,85.0,8.147238730554822,0.611,10.7
3.627166072375962,62.0,58.0,8.9,62.0,5.667246244917553,0.427,11.6
0.0,76.0,76.0,6.16,75.0,6.3091676547610165,0.427,9.8
3.0036278869996016,99.0,99.0,6.15,99.0,5.689503439399156,0.623,11.6
6.085528317284632,97.0,97.0,3.47,97.0,9.049541085514996,0.747,12.5
4.636574050104193,55.0,91.0,1.45,91.0,6.301581368019077,0.912,15.9
7.679733701687501,96.0,99.0,8.8,99.0,9.983904730087067,0.862,17.2
4.171108613740999,97.0,93.0,7.91,97.0,6.3359253028737,0.454,10.0
4.058443855117909,89.0,88.0,5.95,89.0,6.667837936041969,0.519,10.6
5.895454058669798,93.0,94.0,4.6,94.0,8.743624329490062,0.732,15.7
5.263499704681872,66.0,71.0,3.93,69.0,8.416781454771373,0.638,10.3
1.7900433845967592,68.0,67.0,8.1,68.0,4.409953924684017,0.483,9.1
5.757841060731299,94.0,95.0,3.74,95.0,8.508450634995807,0.731,12.7
7.5856958311141245,93.0,93.0,6.59,93.0,9.662296098196228,0.834,16.4
2.310014370046052,97.0,93.0,7.71,97.0,6.427002318935772,0.464,10.2
8.430212958887068,97.0,98.0,3.1,97.0,10.849133090894652,0.83,13.7
2.377198604077141,98.0,98.0,7.68,98.0,6.521794184471872,0.475,10.5
5.141952717615532,93.0,93.0,2.56,93.0,7.953190517652527,0.809,12.6
3.080476516745162,99.0,99.0,3.21,99.0,5.818661668612694,0.752,13.7
7.024624979452669,86.0,86.0,5.96,86.0,9.15752686791839,0.719,12.7
5.245501214780518,96.0,93.0,13.66,94.0,7.21423374544126,0.574,11.8
5.636320863049348,95.0,96.0,4.55,95.0,8.254422559772788,0.736,12.7
3.835959915245361,88.0,88.0,2.28,88.0,7.141952537947965,0.547,9.1
4.210324565243476,96.0,96.0,8.89,96.0,6.142434423539492,0.866,16.3
5.2865867147035015,86.0,78.0,4.99,86.0,7.4615726887673235,0.57,12.5
8.068012669070797,95.0,99.0,9.18,99.0,10.200578682398836,0.859,16.4
6.340301484243187,8.0,82.0,5.18,8.0,8.341255158430798,0.716,14.3
5.202776642420411,98.0,99.0,4.69,99.0,7.295951623248969,0.786,14.4
3.770802972645638,51.0,79.0,6.56,77.0,6.785185300236318,0.659,10.8
6.565449632984109,93.0,95.0,6.13,95.0,8.899285230420134,0.774,14.2
6.428689085754386,75.0,74.0,8.91,75.0,8.598814386776175,0.0,14.2
8.403215656996169,97.0,98.0,8.23,98.0,10.257087090257365,0.844,15.9
6.059836617204286,92.0,93.0,5.36,92.0,8.488123490079342,0.727,12.8
3.061508187243031,87.0,87.0,8.71,87.0,4.976643379717299,0.451,5.9
6.687171530450438,98.0,99.0,4.17,99.0,8.676061119853433,0.729,13.7
5.847778091645557,96.0,98.0,4.3,98.0,8.043433946506317,0.602,11.9
2.121639574704708,47.0,47.0,3.62,47.0,6.189107996900368,0.366,7.1
1.5862500891901214,64.0,79.0,4.82,64.0,3.433338532852864,0.388,10.4
7.935114136594145,99.0,99.0,2.56,99.0,10.787274887963342,0.796,13.1
5.466821998159115,9.0,9.0,5.16,9.0,8.365063232489932,0.721,12.7
3.8182866667059616,64.0,59.0,9.36,64.0,5.758233497002263,0.429,10.9
6.669854392237591,96.0,99.0,1.19,96.0,8.644203115666468,0.784,17.6
7.942712313206664,94.0,93.0,9.98,93.0,9.84086444914753,0.79,15.4
4.651364342491209,59.0,76.0,4.6,63.0,7.073036376678545,0.469,8.9
8.30860257631206,86.0,96.0,1.15,93.0,10.07273724735152,0.86,16.2
5.118043777036767,93.0,93.0,5.71,93.0,9.46264372555368,0.757,14.4
5.149619524856757,97.0,99.0,5.41,99.0,7.967608637991887,0.589,10.3
3.786168886178328,91.0,92.0,4.2,93.0,6.207089637494888,0.697,12.6
0.8753131973415127,57.0,46.0,3.8,63.0,3.92111702916094,0.364,7.6
4.063509064533305,91.0,96.0,5.4,94.0,6.664742764396565,0.645,10.8
3.24771291469915,94.0,94.0,8.17,94.0,6.870377517110407,0.77,15.7
3.618933069874581,73.0,73.0,4.29,73.0,6.1309750559198495,0.461,8.9
4.869271979308446,99.0,99.0,2.74,99.0,7.565144387322247,0.797,13.5
0.1026071041971583,99.0,99.0,5.29,99.0,2.2381993068585566,0.74,14.0
4.215519449558891,92.0,94.0,5.31,94.0,7.254713188284023,0.54,8.8
3.616294970861433,72.0,78.0,1.2,72.0,6.631094176717904,0.599,12.1
3.385113993593237,99.0,99.0,5.17,98.0,5.9842636049445135,0.607,11.3
4.623094769490951,89.0,97.0,5.78,97.0,7.354953537581851,0.8,12.4
1.0106699140710311,87.0,82.0,9.84,87.0,2.807855716274604,0.286,5.6
6.580019689017104,83.0,83.0,7.89,83.0,8.554986696207395,0.604,11.4
2.7548885455196648,97.0,97.0,6.27,97.0,5.250604795816188,0.674,10.7
1.2648148824029266,86.0,86.0,6.12,86.0,4.758451751101692,0.583,11.0
7.365099324655405,92.0,94.0,5.93,92.0,9.86921918341874,0.778,12.7
2.3208499866228194,9.0,87.0,8.47,88.0,6.823756867903228,0.44,10.6
7.403858950655761,93.0,93.0,5.64,93.0,9.708900211229968,0.771,15.0
4.547252736777196,59.0,52.0,6.68,55.0,6.292337881037895,0.422,6.6
3.8475889965889754,69.0,91.0,5.7,89.0,5.856879609413985,0.476,9.6
7.01298834371844,91.0,92.0,6.55,92.0,9.334963910840672,0.815,16.0
5.443509834283796,96.0,99.0,7.4,99.0,8.076147298371147,0.849,14.1
4.118168205660799,77.0,77.0,11.23,77.0,5.941984300261261,0.406,9.5
6.22135428087603,97.0,98.0,4.38,97.0,8.647689615404115,0.713,13.4
6.018547598613997,96.0,97.0,3.61,97.0,8.891535110828206,0.736,12.3
5.9984230417803,99.0,99.0,4.6,99.0,8.378878121975427,0.709,14.7
3.394787246574538,93.0,88.0,6.63,94.0,5.245882183611735,0.551,9.8
5.42151658550045,91.0,91.0,4.81,91.0,7.362631725275328,0.554,10.9
5.348973096134336,99.0,98.0,3.57,99.0,7.833519713288694,0.596,12.5
2.4795874277770653,91.0,93.0,5.84,91.0,4.583614346252747,0.609,11.0
8.421022266717287,96.0,96.0,3.96,96.0,10.748726427023076,0.889,14.5
4.278282173607238,84.0,93.0,4.44,96.0,7.198763346176144,0.53,8.5
8.530013282545758,89.0,99.0,2.19,89.0,11.371980509961483,0.854,13.4
9.348245556860926,42.0,98.0,11.7,98.0,10.995314994600106,0.901,16.0
6.270832770972506,74.0,74.0,9.3,74.0,8.599080909856324,0.0,14.8
8.804647544141849,9.0,93.0,11.2,93.0,10.425026039225084,0.899,20.3
4.062448722071939,73.0,7.0,6.28,69.0,6.087586425577613,0.333,5.5
4.517267631217479,95.0,95.0,11.14,95.0,6.320256148737966,0.887,15.7
6.7868004421534245,87.0,85.0,6.14,87.0,8.915278036256396,0.696,12.1
7.672267195067624,94.0,93.0,5.83,93.0,9.767429738050954,0.838,16.4
4.224404334594568,75.0,71.0,6.87,8.0,5.913920583035287,0.341,7.3
3.674473898042144,58.0,87.0,2.22,84.0,7.066963920015749,0.533,9.1
4.273267603654815,79.0,96.0,9.1,77.0,6.718512473509951,0.0,11.7
4.075903864918096,87.0,88.0,6.3,89.0,6.76151062775297,0.437,10.7
6.49352675173933,98.0,98.0,7.37,98.0,8.39604715927094,0.622,12.0
1.6580872533550708,81.0,88.0,4.56,86.0,5.046765158571207,0.455,7.2
3.7225148868081024,78.0,77.0,3.4,78.0,6.773964112047762,0.501,6.5
2.4961834495021296,98.0,99.0,6.65,98.0,5.301170592225588,0.533,10.1
5.127648582906868,83.0,74.0,12.23,82.0,7.254406533177003,0.572,11.6
5.903339565381609,72.0,71.0,8.31,71.0,7.894609222047529,0.629,13.0
3.236508927505592,95.0,95.0,4.36,95.0,7.160508202133014,0.789,15.0
1.80882132410188,48.0,55.0,7.56,48.0,4.432182671566704,0.487,9.1
3.724576504433435,86.0,85.0,5.46,86.0,6.542039431821256,0.41,9.0
7.5283831745256276,89.0,89.0,9.1,9.0,8.841034005891787,0.74,12.9
6.306345846319958,95.0,96.0,5.64,95.0,8.755762155357676,0.669,12.3
6.579759943278847,81.0,91.0,6.84,98.0,8.355279807479912,0.775,16.3
4.357072809157884,69.0,69.0,4.57,69.0,6.4760291027750885,0.451,9.9
1.788905467269499,24.0,32.0,3.31,24.0,4.448000909779522,0.343,6.3
7.045873610499124,97.0,97.0,5.69,97.0,9.026348936991392,0.796,15.7
7.139613051738394,99.0,99.0,9.16,99.0,8.78611231042363,0.675,12.1
6.082402098619286,93.0,88.0,6.81,87.0,7.985609342115472,0.502,9.9
5.068916441139046,6.0,59.0,8.39,62.0,6.458904927630523,0.439,7.6
1.185525159250587,84.0,85.0,5.35,86.0,3.977053155696309,0.586,10.9
5.540556120482781,99.0,95.0,3.35,94.0,7.950493260286681,0.689,13.3
3.172327133241203,97.0,97.0,4.21,97.0,7.210698357634711,0.0,0.0
4.108142492124642,81.0,76.0,4.8,81.0,6.733617484071874,0.494,10.1
4.3336981277993205,99.0,99.0,2.64,99.0,6.885465292772042,0.739,13.2
4.542091703435266,78.0,82.0,7.58,78.0,6.475043442179258,0.477,10.0
6.990256285024244,98.0,98.0,8.9,99.0,9.485580834331566,0.724,14.0
6.067771638586006,95.0,95.0,5.12,95.0,8.403888913011384,0.714,13.6
2.584136474102924,98.0,98.0,5.3,98.0,6.541310476446996,0.754,13.8
4.867737017629775,84.0,84.0,4.64,84.0,6.828641904353177,0.51,8.7
4.171351125161602,77.0,79.0,4.51,77.0,6.114881597411441,0.717,14.4
4.248786978061698,45.0,76.0,3.0,79.0,6.865147775764517,0.622,11.4
4.766480553969516,95.0,94.0,6.2,94.0,6.830488142843713,0.807,16.4
7.2416921363869,96.0,96.0,3.55,96.0,9.637936762584648,0.767,12.5
5.898724513745888,97.0,97.0,9.78,97.0,7.68679720291171,0.614,11.6
8.876872467047592,98.0,99.0,1.59,99.0,10.767229398729368,0.89,16.3
6.171835225300158,98.0,98.0,6.15,98.0,8.544021461378266,0.761,15.2
7.078689197040649,88.0,89.0,7.82,89.0,8.565256876906782,0.727,12.6
5.76700970768118,94.0,98.0,9.34,98.0,7.816883545532196,0.85,16.3
1.5062166402956578,8.0,65.0,4.28,65.0,4.367154084551131,0.526,9.4
2.0836801495762645,82.0,84.0,4.6,82.0,6.100741867063194,0.712,14.4
5.145356053643445,93.0,92.0,4.67,93.0,7.573859831577332,0.622,11.7
3.694491111272042,95.0,99.0,4.59,97.0,8.15255737133773,0.672,11.9
6.175708021875499,97.0,97.0,4.47,97.0,8.54041237562932,0.704,13.0
3.642078365696075,96.0,96.0,5.66,96.0,6.258306521652012,0.725,12.8
6.891881767871434,98.0,94.0,5.83,94.0,9.023828080828633,0.797,15.8
6.692570631897196,82.0,8.0,3.13,82.0,9.187601918697158,0.669,12.5
8.916622037898605,85.0,85.0,1.4,85.0,10.749090817192403,0.86,15.2
4.819769619260286,75.0,87.0,4.82,86.0,7.162120655937893,0.61,9.9
3.1011666457843536,77.0,99.0,6.93,97.0,5.007446802923258,0.691,14.3
7.7019887337303965,94.0,93.0,6.55,93.0,9.714502124792716,0.841,16.5
8.766605844691108,51.0,98.0,11.28,98.0,10.63662753777343,0.879,16.0
5.963000746957764,95.0,95.0,3.7,95.0,8.403646571963312,0.824,13.3
2.12124223487826,93.0,96.0,5.56,94.0,4.5450608463285,0.657,10.8
5.520250037041881,97.0,97.0,9.9,99.0,7.455452262176026,0.706,12.7
5.589275411014079,81.0,97.0,5.99,97.0,7.77342381754582,0.727,12.8
8.206519356321735,96.0,96.0,3.45,96.0,10.648117356247305,0.826,13.3
4.189194710622143,73.0,79.0,4.39,82.0,7.277928496928048,0.59,11.3
7.029132634878868,88.0,98.0,6.12,98.0,9.703406720403724,0.805,12.5
3.4006382650522573,65.0,65.0,2.56,65.0,6.478276485997514,0.474,5.6
2.790923755376677,67.0,5.0,8.79,5.0,5.394269852756704,0.381,6.8
3.913860960154091,17.0,3.0,2.92,19.0,6.836014769406788,0.338,6.0
3.2093789015103176,98.0,99.0,8.27,99.0,6.1699929732356855,0.694,13.8
2.03607096073395,79.0,67.0,6.25,63.0,5.97327837918711,0.318,5.2
4.401680767611986,9.0,9.0,5.89,9.0,6.526191133802179,0.538,12.3
7.041597475926992,67.0,98.0,11.93,98.0,8.685956411290743,0.906,15.8
6.497176672245919,91.0,91.0,5.99,91.0,8.819624388850587,0.0,15.1
6.459904626052012,96.0,96.0,3.93,96.0,10.881205893111144,0.911,15.2
3.562175960812559,96.0,96.0,1.93,96.0,5.980069051882639,0.0,10.5
4.566364482490389,96.0,96.0,5.88,96.0,8.89885686086056,0.0,15.3
3.310808157072449,99.0,98.0,4.3,98.0,7.237674735817192,0.782,15.0
3.664961179658894,45.0,94.0,2.68,93.0,6.184469398332387,0.499,8.2
7.99259785310499,98.0,98.0,2.57,98.0,10.844777452934412,0.794,13.2
6.535382431877281,97.0,95.0,4.28,95.0,9.066043990618851,0.745,12.1
3.670056932931805,9.0,91.0,8.28,87.0,5.844476440533502,0.697,12.7
2.8328692801671416,92.0,89.0,7.86,92.0,5.284458082823616,0.319,7.9
5.231650700916512,96.0,98.0,4.3,97.0,7.282704247400793,0.0,10.3
3.1934214857178014,97.0,98.0,3.4,98.0,6.100710601772685,0.715,11.6
3.9138696896567344,81.0,86.0,4.2,82.0,6.23906530769762,0.692,12.8
2.6930160613165435,97.0,97.0,11.67,97.0,6.240520359134443,0.444,10.6
2.421559514668181,82.0,83.0,2.81,77.0,5.382326014856806,0.641,11.7
9.300914195660686,53.0,98.0,11.8,98.0,10.953185766858256,0.903,15.8
3.344203962562767,6.0,58.0,4.22,63.0,6.433451821430018,0.518,9.2
2.7451948376220483,63.0,66.0,4.24,63.0,5.291601978719912,0.487,9.3
7.059322711955602,2.0,97.0,11.1,97.0,10.809238052819882,0.921,18.1
6.045705685306464,71.0,85.0,4.95,85.0,8.370444292861277,0.641,10.7
1.0508229321735638,81.0,83.0,6.11,81.0,2.650011329184544,0.479,10.9
1.735822474446175,63.0,74.0,5.79,82.0,3.6754339673132095,0.66,12.3
5.855232229409847,98.0,98.0,5.79,98.0,8.322427294820676,0.721,12.2
4.113917060262796,88.0,87.0,5.64,88.0,6.783881627876044,0.533,10.7
3.2282143531628,63.0,69.0,2.61,67.0,6.336107494515191,0.465,5.6
3.4637087081784723,85.0,81.0,9.14,85.0,7.863496028101996,0.663,12.1
6.238193173431374,96.0,96.0,8.36,96.0,8.095724912925371,0.849,16.0
6.028336932500572,97.0,95.0,4.76,95.0,8.169228327217466,0.643,13.5
3.765367331937069,89.0,89.0,5.37,89.0,5.617677748352778,0.658,11.3
6.610960073385368,96.0,98.0,8.59,99.0,8.768253983823174,0.778,15.7
5.748754548392426,96.0,95.0,4.53,96.0,8.210938437534661,0.684,12.2
3.246818193617772,89.0,92.0,6.1,92.0,7.225255442872647,0.81,15.8
5.537337342604358,93.0,93.0,6.91,93.0,7.204386223073371,0.601,11.0
6.711510331854012,93.0,97.0,9.9,95.0,8.66945992115201,0.754,13.6
3.882104142652586,51.0,61.0,5.29,62.0,5.573240696677057,0.462,8.3
2.874358841067427,99.0,99.0,6.49,99.0,5.167458388412242,0.673,12.0
9.284553478960188,91.0,92.0,9.42,92.0,11.038362517008984,0.936,20.4
3.5481180443626186,81.0,8.0,5.3,85.0,5.619747474767535,0.473,8.9
8.189324327382314,82.0,96.0,9.6,96.0,10.03551737461766,0.826,14.8
6.824164131787131,98.0,98.0,5.2,98.0,9.126770671435972,0.748,14.1
2.456739253958102,95.0,95.0,6.88,95.0,4.720527134406674,0.488,10.4
6.353386423639346,86.0,8.0,1.49,86.0,8.407592271270984,0.679,12.3
6.490007465895215,73.0,65.0,6.2,73.0,8.213046658408775,0.614,10.7
3.678419096081516,72.0,72.0,0.92,72.0,6.746250772665493,0.599,12.4
6.815098481423579,95.0,99.0,8.27,99.0,8.574450484256385,0.86,13.5
4.148673088928085,96.0,96.0,3.16,96.0,6.729572355418824,0.545,9.4
6.235175128194226,98.0,98.0,4.29,98.0,8.56233417933844,0.696,12.8
4.605979395989346,86.0,96.0,5.81,96.0,6.7266090152606255,0.7,12.3
0.0,73.0,73.0,6.53,71.0,4.066430909313317,0.427,10.0
6.557563180489206,95.0,96.0,8.1,96.0,8.563268695179456,0.902,18.6
4.230240259570023,62.0,69.0,6.86,61.0,5.8359794106227,0.401,8.1
5.945324381201998,85.0,85.0,6.86,85.0,7.820421785679079,0.578,10.1
6.409040449431624,88.0,88.0,8.35,88.0,8.089707820134132,0.891,19.2
3.194882794772921,66.0,69.0,4.94,72.0,5.1866431782057925,0.494,9.9
6.6926915961876805,83.0,79.0,7.53,82.0,8.72036255460655,0.612,12.9
6.751115007792478,99.0,99.0,2.59,99.0,9.423674314823366,0.742,11.5
5.3616954923435225,96.0,99.0,7.46,99.0,7.93700582813985,0.85,13.8
2.519618785879129,91.0,91.0,3.29,91.0,5.763086801266379,0.405,5.3
6.521385039532793,9.0,92.0,6.74,92.0,8.692514586314296,0.762,13.6
5.641915578703341,99.0,99.0,4.73,99.0,8.338684354001463,0.729,14.8
3.5434549485337867,96.0,94.0,7.38,95.0,7.694473354940552,0.87,15.7
6.7390853525950485,8.0,84.0,4.22,84.0,8.658804379404,0.703,13.0
2.3461114672207826,79.0,82.0,8.6,82.0,5.040680774007513,0.703,12.2
2.145907567813666,98.0,98.0,7.53,98.0,4.351180131839185,0.488,10.8
0.2434544886146533,95.0,97.0,3.4,97.0,3.352176100787315,0.64,10.9
5.066657305623769,95.0,95.0,5.48,95.0,7.822185702354943,0.581,10.0
8.797502419877352,95.0,95.0,8.32,95.0,10.804306461444362,0.895,18.5
8.698445514950658,86.0,86.0,1.53,86.0,10.55172693428379,0.848,14.9
5.714081756829995,97.0,97.0,8.45,97.0,7.567272400319334,0.606,11.5
5.775157884975422,96.0,98.0,3.55,98.0,7.970619953048466,0.682,12.0
4.150790985471708,8.0,8.0,3.36,8.0,7.219117557811584,0.491,7.8
3.281793998201025,92.0,94.0,4.87,92.0,6.138845031508315,0.714,12.5
8.289051602695906,81.0,82.0,1.27,83.0,10.179313708539238,0.847,16.1
5.029780378461072,92.0,91.0,4.79,92.0,7.396839583803142,0.563,11.2
3.413841344136402,96.0,99.0,6.39,98.0,5.456125535314938,0.716,14.7
4.270282628379586,48.0,74.0,8.49,75.0,6.834304919784379,0.684,11.8
2.147438091236219,82.0,81.0,4.76,82.0,4.724834650646435,0.456,8.0
4.347935570774652,93.0,96.0,4.93,96.0,8.589617078737671,0.61,11.9
3.390101997916074,9.0,91.0,4.63,9.0,7.5041119479370995,0.57,11.5
4.264538407775875,77.0,77.0,1.5,77.0,8.601092187519464,0.0,15.2
3.4814192129844006,94.0,97.0,7.91,87.0,5.530391322827196,0.823,14.8
5.117577544352099,93.0,94.0,5.57,87.0,7.114862775718647,0.541,11.1
5.484346176728367,72.0,73.0,3.38,71.0,8.366400275651035,0.495,9.4
7.5522385001584915,82.0,96.0,9.15,98.0,9.463686321874516,0.788,15.9
5.153348173243992,75.0,9.0,7.97,9.0,7.298092447993557,0.461,7.0
5.591178424870783,87.0,96.0,6.8,99.0,7.389868292784891,0.877,13.5
3.6069111579342574,73.0,75.0,4.45,73.0,6.081505266980777,0.45,8.2
2.2470888478331044,64.0,8.0,2.53,71.0,5.1095418476737695,0.613,10.8
7.67043835563115,9.0,82.0,7.47,9.0,9.520917872317217,0.864,17.2
0.0,79.0,78.0,7.1,78.0,6.3069299603763165,0.434,9.8
2.091507047709576,68.0,68.0,7.87,68.0,4.16724228207777,0.454,9.5
4.351624406107081,7.0,7.0,4.86,7.0,6.025236164425894,0.503,10.2
6.530921224880472,84.0,84.0,5.92,84.0,8.659108528354782,0.684,11.7
6.507212464584779,95.0,96.0,5.25,95.0,8.941965992596137,0.678,12.4
2.803764455015171,98.0,98.0,2.87,98.0,5.475761799484698,0.779,12.8
3.567244774986716,99.0,99.0,5.11,99.0,6.144442869063653,0.613,11.6
2.3113107330313496,75.0,75.0,4.93,75.0,4.30080726521364,0.459,10.0
4.379519393670371,73.0,73.0,4.24,73.0,6.122412683497365,0.504,10.2
5.319666590873676,85.0,89.0,8.46,89.0,7.326827193199469,0.797,14.2
4.229774099063861,98.0,98.0,8.0,98.0,5.962944723266406,0.735,12.9
3.439776397946392,83.0,83.0,1.1,83.0,7.019991617895995,0.618,12.5
2.549199912727238,99.0,99.0,3.5,99.0,5.244115952941039,0.818,13.4
8.045700397595128,97.0,97.0,1.44,98.0,10.023031472480929,0.812,16.0
4.156639729860319,99.0,99.0,5.66,99.0,7.027724474360132,0.531,10.4
6.233685872487496,96.0,96.0,6.67,95.0,8.414969147440143,0.75,13.5
5.128282404663391,97.0,97.0,3.51,97.0,9.52056738754834,0.786,13.2
5.243281742054463,98.0,99.0,5.67,99.0,7.95946968698256,0.596,10.5
6.209038216791054,87.0,89.0,8.65,89.0,7.889408387531674,0.888,19.1
5.040223392348797,95.0,96.0,5.2,96.0,7.199912239172405,0.812,15.9
5.224785699221859,73.0,75.0,3.38,73.0,7.965489024308915,0.454,7.7
5.306583600898501,97.0,97.0,9.76,97.0,7.390510187759339,0.559,11.0
6.203199121447829,93.0,93.0,7.46,93.0,7.854429698805473,0.618,10.7
5.264360453857204,98.0,97.0,4.8,98.0,8.221740609267265,0.689,11.1
6.246249157475124,97.0,99.0,2.15,97.0,9.086575936108526,0.843,13.4
6.66211849450598,98.0,98.0,6.2,98.0,8.817741979567426,0.708,11.9
4.087595922459967,75.0,73.0,6.51,78.0,5.957795849612765,0.353,7.9
7.611255075309407,95.0,96.0,7.44,96.0,9.513971975721692,0.793,14.3
7.500015995925977,93.0,93.0,6.67,93.0,9.57100586307978,0.83,16.5
8.352210060030052,84.0,94.0,1.1,9.0,10.074063174302536,0.855,16.2
7.723906350341061,9.0,9.0,7.24,9.0,9.644258771797874,0.826,15.5
6.754756423200802,74.0,85.0,4.26,85.0,8.694481564130047,0.706,13.1
2.239255387717432,91.0,91.0,4.96,91.0,4.3326579515071,0.398,7.7
6.024520519106913,99.0,99.0,5.59,99.0,8.35434818052441,0.752,14.2
6.765038951636366,97.0,98.0,6.36,97.0,8.933820727174528,0.744,15.8
6.23441472669076,95.0,95.0,5.29,95.0,8.600293183905098,0.724,14.0
5.4830324694403645,99.0,99.0,2.38,99.0,8.17477649102789,0.789,14.2
5.985514625126127,94.0,94.0,5.3,94.0,8.451849743532035,0.721,12.7
1.7711060037016635,87.0,85.0,5.25,87.0,4.145225379135846,0.475,12.0
2.393844537089538,99.0,99.0,5.39,99.0,6.657723379338236,0.713,12.7
5.933456703928588,98.0,98.0,6.29,97.0,8.326843318562746,0.746,14.8
2.7465488780090213,69.0,9.0,3.86,89.0,5.271673402684549,0.67,12.4
1.8301417418857544,6.0,67.0,4.23,64.0,4.780520609127252,0.546,9.9
4.416917080690673,74.0,76.0,6.97,74.0,6.391308606514294,0.363,6.4
3.494440977855824,27.0,8.0,5.82,8.0,5.664402495487428,0.463,9.3
3.0035338077924814,95.0,96.0,4.9,95.0,6.906496200775732,0.0,8.4
3.861057967895261,96.0,98.0,5.19,97.0,6.024348625166228,0.741,13.6
4.813164756735725,98.0,98.0,4.68,99.0,7.197174763259521,0.649,12.7
4.995593726785514,56.0,74.0,3.69,57.0,8.048860141016286,0.636,10.2
4.974107756846868,86.0,87.0,5.11,84.0,7.271449992286194,0.506,9.3
7.801524301629109,96.0,99.0,7.54,99.0,10.38080311619051,0.847,13.8
4.153547850029587,94.0,94.0,3.6,94.0,6.631569216397429,0.535,8.9
4.023187038851551,98.0,98.0,2.63,98.0,7.038403302440208,0.756,15.1
5.193901587819044,99.0,99.0,4.6,99.0,9.361809535750703,0.766,14.4
5.888811584108,89.0,85.0,9.1,89.0,8.079181674597463,0.664,12.4
5.200587129465919,96.0,94.0,7.25,93.0,8.360627531169763,0.755,13.5
2.531086770278719,94.0,95.0,6.35,95.0,6.610001833418536,0.741,15.8
2.3039335712883755,7.0,99.0,9.94,96.0,6.542969938800505,0.509,9.8
7.49721698078189,94.0,94.0,6.25,94.0,9.59148875717193,0.833,16.2
5.386486316083639,97.0,95.0,6.41,96.0,7.511916931197335,0.707,14.5
6.063201472765545,98.0,98.0,5.88,98.0,8.428747430626215,0.761,14.2
3.156420828112131,74.0,84.0,5.85,81.0,6.207170086870373,0.728,11.6
5.500476170136948,96.0,94.0,6.35,98.0,9.570994637900627,0.85,16.4
7.435713542326713,8.0,81.0,8.9,8.0,9.366230666082432,0.773,12.9
3.788675187627277,59.0,67.0,3.96,68.0,5.517365462923632,0.572,10.6
6.692574483859991,81.0,75.0,7.19,81.0,9.078501976736774,0.752,13.3
4.406683887370807,95.0,91.0,6.46,94.0,6.321731263899682,0.78,15.8
6.1588049710606025,62.0,66.0,4.71,65.0,7.995247413954407,0.59,10.8
3.228805500458545,7.0,99.0,6.13,99.0,7.15249462537636,0.675,13.1
6.195795994991235,87.0,91.0,6.7,92.0,8.809832116848467,0.785,14.6
9.638642107985552,95.0,99.0,7.75,99.0,11.404679810187185,0.88,13.5
4.360176157135504,98.0,94.0,5.49,96.0,6.485068481160168,0.626,11.8
5.787239269542051,83.0,88.0,6.44,84.0,6.852048935084044,0.442,6.6
4.1856641985703416,42.0,99.0,1.45,98.0,6.034485649816341,0.873,16.1
2.2506700453579973,96.0,99.0,5.55,98.0,4.164939239022555,0.78,15.5
7.249578843103974,99.0,99.0,3.9,92.0,9.828578994075617,0.823,13.4
7.370056931506214,88.0,98.0,6.42,98.0,10.083034065789327,0.823,13.4
6.106010448895624,64.0,65.0,3.92,64.0,8.060964194024066,0.591,10.8
3.372310306458147,77.0,76.0,1.48,77.0,7.051436296955796,0.612,12.5
4.8263384677412295,76.0,69.0,8.61,69.0,6.746358336292283,0.638,12.8
5.324219925881927,94.0,95.0,3.17,95.0,7.917999401547498,0.82,12.7
5.869170144929534,84.0,88.0,4.34,89.0,8.252568254012177,0.677,12.6
4.811202825048604,82.0,84.0,7.56,82.0,6.540045122438784,0.467,10.7
5.841000299448989,93.0,99.0,9.95,99.0,7.693884294490396,0.821,14.1
6.7091544529281935,96.0,99.0,11.78,96.0,8.609913894144107,0.782,17.7
3.8578913082682336,95.0,96.0,2.8,94.0,6.296467279616009,0.513,8.6
5.326509339958868,42.0,42.0,3.3,42.0,7.921643676731935,0.507,9.7
4.266491361701986,82.0,82.0,6.44,82.0,6.162987274613262,0.492,10.1
5.902565649963353,99.0,99.0,6.0,99.0,8.282793484105197,0.762,14.2
5.818651808269174,86.0,73.0,8.33,73.0,7.892296106820459,0.815,14.4
3.3428049383680247,64.0,67.0,4.2,69.0,5.072214691342083,0.0,10.4
3.975968641156392,99.0,99.0,6.32,99.0,5.8166294070341324,0.657,12.9
5.28311470244024,94.0,94.0,5.33,94.0,7.180584265971575,0.547,10.5
1.853106412852368,77.0,75.0,1.29,77.0,3.858114036302006,0.367,8.3
1.6619376411769782,87.0,88.0,9.31,87.0,3.5032342019589238,0.387,9.7
6.94686601685759,71.0,72.0,8.5,72.0,8.904326139600954,0.63,12.8
4.167466499129001,98.0,98.0,3.16,98.0,7.168559504143924,0.757,14.6
4.878082339977956,96.0,99.0,3.34,98.0,6.876179435920775,0.0,10.2
3.443737799966152,99.0,99.0,8.36,99.0,6.375273468639846,0.698,13.8
6.01715892410626,97.0,95.0,7.36,95.0,8.206036124775835,0.878,15.7
3.8409799385117886,63.0,63.0,1.12,64.0,5.8856246710197455,0.357,8.2
4.556582482607091,76.0,77.0,4.95,76.0,6.631601135884715,0.451,9.5
3.331958816780768,98.0,97.0,6.12,98.0,5.635299940781998,0.685,10.8
2.657264845761953,58.0,82.0,4.46,85.0,5.469386004405871,0.553,10.1
4.1363568215360855,88.0,85.0,6.51,87.0,6.727841160781003,0.49,10.9
3.003822935700656,99.0,99.0,6.32,99.0,5.2910471675806425,0.681,12.0
5.245329450257427,98.0,96.0,2.71,96.0,8.006585850491481,0.807,12.2
4.342691749483222,74.0,76.0,4.75,74.0,6.44069004841146,0.434,8.7
5.866648329351803,94.0,94.0,5.36,95.0,8.26096617525377,0.705,13.1
2.7949464672446185,95.0,99.0,6.88,96.0,4.740178237814568,0.557,9.9
4.620088561585715,98.0,98.0,9.22,98.0,6.393868140224666,0.651,11.8
6.8245555489369,99.0,96.0,5.21,96.0,9.013739596011044,0.766,14.1
7.794165559983372,97.0,96.0,7.7,96.0,9.673751417820007,0.8,14.3
3.7523362000311256,99.0,99.0,3.68,99.0,5.892443268185797,0.757,13.8
5.839160490056233,6.0,67.0,3.67,67.0,7.780874284961572,0.579,10.7
4.99341079241637,99.0,99.0,6.24,99.0,8.908813737653407,0.0,15.6
6.154068594545622,98.0,98.0,5.64,98.0,8.237263437541689,0.695,14.3
6.848807809041157,88.0,94.0,11.3,95.0,8.475048005197168,0.92,17.0
4.116380920007924,6.0,77.0,3.93,78.0,6.796688920921944,0.43,6.2
7.699383040128634,9.0,82.0,7.58,9.0,9.538482065058732,0.868,17.4
4.023771778151708,79.0,79.0,6.98,79.0,6.436610381297255,0.409,9.1
6.440161831712966,97.0,98.0,5.21,98.0,8.580069183255029,0.748,13.7
5.058058154407847,75.0,78.0,6.9,78.0,6.66690117688778,0.446,7.3
4.84901175734022,71.0,67.0,5.92,72.0,6.751507142195791,0.454,8.2
4.681652314315637,94.0,96.0,6.8,96.0,6.843216662911228,0.709,12.5
1.676180552715434,99.0,95.0,7.37,95.0,5.559284501638493,0.872,15.7
1.6321180955923675,11.0,88.0,2.62,99.0,3.866144847948704,0.491,8.1
3.7143873627966935,64.0,79.0,11.83,75.0,5.45368439204117,0.394,9.8
6.681949971210184,84.0,84.0,8.24,84.0,8.65703296032805,0.619,11.5
1.4163943275852706,95.0,96.0,8.11,93.0,3.2511106550015585,0.828,14.9
8.630081637510749,97.0,97.0,8.8,97.0,10.479531546633597,0.854,16.1
3.518587490947897,84.0,83.0,4.54,84.0,5.983556740408925,0.451,8.5
7.037575531336361,92.0,94.0,6.84,94.0,9.410859820637477,0.821,16.4
4.098650705796807,94.0,94.0,3.8,94.0,6.753837905103596,0.557,9.9
6.389645372798778,98.0,98.0,7.26,98.0,8.342952305085863,0.72,14.7
4.2861362919826105,98.0,99.0,3.81,99.0,6.356666115841896,0.711,13.1
6.9932400306053575,89.0,9.0,4.38,91.0,8.743482529072075,0.712,13.2
6.56264843863308,9.0,94.0,6.43,94.0,8.880088916292674,0.799,15.1
2.0036739143870386,18.0,45.0,4.11,36.0,4.487443229009269,0.463,8.9
6.663897045436064,74.0,75.0,8.39,76.0,8.680948184672353,0.622,12.8
6.379390694592229,95.0,92.0,8.57,92.0,8.152883396031644,0.908,20.7
5.343141790411155,86.0,85.0,5.1,86.0,7.397817182990512,0.653,12.1
5.741758080613336,54.0,26.0,4.45,55.0,7.763165065691834,0.665,12.4
6.069548770664439,99.0,99.0,4.16,99.0,8.422385364211713,0.714,14.9
3.036716962678761,81.0,79.0,5.89,84.0,5.824108159483153,0.572,10.6
5.296988231138781,99.0,99.0,5.91,99.0,8.056906514188988,0.64,12.1
7.676580197040668,98.0,97.0,5.39,98.0,9.438785204236783,0.778,13.8
3.985828418544069,96.0,96.0,2.88,96.0,6.859498898499841,0.565,10.0
5.491221637119714,95.0,95.0,6.87,95.0,7.485697422988572,0.804,15.2
2.7007041011275663,91.0,98.0,5.92,98.0,5.211049138393152,0.644,11.9
6.446040179334691,95.0,95.0,5.79,95.0,8.45308944359105,0.706,12.9
1.69134824227667,44.0,57.0,7.54,59.0,5.47646184356185,0.418,11.5
5.55621132870169,99.0,99.0,4.45,99.0,8.23498816055128,0.701,14.6
4.817473864796244,83.0,83.0,3.78,8.0,7.474911803960593,0.636,11.4
2.4773914798389645,63.0,63.0,6.73,63.0,5.915759366249112,0.415,8.4
4.428058942546403,96.0,95.0,12.6,96.0,5.928308589788445,0.454,10.7
3.629447585668676,79.0,79.0,0.74,79.0,6.46881473357108,0.566,11.7
4.45008694604512,71.0,77.0,6.85,73.0,6.548438454061284,0.385,7.1
7.774019408191727,89.0,93.0,9.66,88.0,9.011939995510636,0.749,13.3
6.447921135028927,89.0,9.0,9.58,89.0,8.436519430337045,0.717,13.3
6.108729773613232,94.0,94.0,4.47,94.0,8.06227474568773,0.693,13.0
7.932397226230109,99.0,99.0,2.62,99.0,10.784557059590297,0.792,13.4
6.025881197622475,9.0,89.0,8.19,88.0,7.95276931080637,0.514,10.6
5.000281716983576,94.0,92.0,1.37,94.0,7.475801429625688,0.581,11.9
4.477852017420194,79.0,78.0,8.43,79.0,6.474164300894446,0.464,10.8
5.869985384839794,28.0,44.0,2.76,45.0,8.816155494368937,0.64,12.4
5.831817186002527,98.0,99.0,4.24,99.0,8.144840737886252,0.621,12.4
4.2963065517868655,32.0,98.0,3.95,99.0,6.898164204520663,0.697,12.7
2.6271635619186333,95.0,96.0,6.27,95.0,6.593361542793994,0.687,12.5
6.787828994019423,95.0,94.0,5.18,95.0,8.76229943243077,0.725,13.4
3.764072352914704,44.0,45.0,5.4,49.0,5.817446930966764,0.691,12.9
2.437675561877319,97.0,97.0,2.82,97.0,5.223407542227545,0.57,10.0
4.571362199866051,96.0,99.0,9.48,99.0,6.517897894203665,0.773,14.7
6.7989197884756765,88.0,94.0,11.16,95.0,8.445678162677309,0.919,16.9
2.472452938240492,8.0,77.0,4.37,8.0,4.750032014850399,0.492,11.1
2.719168271004778,78.0,82.0,7.22,78.0,6.579491001313904,0.483,10.0
5.994296276724529,94.0,93.0,7.61,94.0,7.832306751591264,0.628,12.0
2.212701261545281,81.0,75.0,7.42,81.0,4.4458095344640345,0.746,13.2
7.678213534316695,96.0,99.0,7.44,99.0,10.273399938260368,0.85,13.8
6.345407003475577,87.0,88.0,5.82,87.0,7.98388876280322,0.698,14.5
3.659067443337817,25.0,72.0,5.64,73.0,5.550792460107437,0.298,5.8
7.102958646992107,98.0,97.0,3.74,97.0,9.56261513058296,0.798,13.7
5.4330026217170575,93.0,93.0,8.42,93.0,7.578998300474076,0.478,7.0
5.500253268616838,92.0,94.0,2.48,94.0,8.059127413625122,0.798,12.0
5.206892206770892,94.0,94.0,7.39,94.0,7.126351097015488,0.816,15.3
3.759117114263248,47.0,71.0,11.87,7.0,5.794311454841353,0.403,9.6
3.410234875544354,98.0,98.0,2.9,98.0,7.667470864383522,0.0,10.4
3.457038975486177,94.0,94.0,5.17,94.0,5.235193204732602,0.542,10.4
7.734073948158927,94.0,96.0,9.54,99.0,9.666101392585237,0.789,15.8
7.541735518136898,95.0,95.0,7.8,95.0,9.508106548758803,0.82,15.1
5.525761171304642,98.0,96.0,6.7,99.0,9.539225879150656,0.829,15.4
3.7689476770773394,99.0,99.0,6.59,99.0,7.774578110475549,0.703,14.1
5.218512064774822,98.0,99.0,5.86,99.0,7.949884408127718,0.603,10.7
5.716055324524702,98.0,99.0,6.58,98.0,7.331386341126672,0.614,11.4
8.603866402484217,35.0,98.0,1.6,98.0,10.4596897014873,0.86,15.5
5.145966581687565,98.0,98.0,3.8,98.0,7.56992532929874,0.81,14.2
4.471884922499879,79.0,84.0,4.69,85.0,7.361450959796997,0.607,11.6
7.526625368627051,97.0,98.0,2.71,98.0,10.07717515209353,0.81,12.5
6.333131951516674,94.0,97.0,6.4,95.0,8.330378659026957,0.77,15.3
8.880731737833264,98.0,99.0,9.6,99.0,10.787783656915666,0.874,15.8
5.095530033755399,86.0,84.0,12.24,86.0,7.168799550334219,0.576,11.9
7.014087514866904,96.0,99.0,8.27,99.0,9.325912503161245,0.716,13.8
5.692967594424563,93.0,99.0,2.25,97.0,8.459198121795076,0.846,14.1
4.983504363740443,9.0,91.0,5.6,9.0,7.578133554189876,0.774,12.6
5.359479693187084,94.0,93.0,7.0,94.0,7.29756001439958,0.82,15.4
5.7274418098594735,94.0,97.0,6.4,94.0,8.97364285121583,0.752,12.2
6.83040475977327,93.0,93.0,11.53,93.0,8.293613605052562,0.904,19.5
6.231083951076162,64.0,96.0,9.3,95.0,8.22816539521763,0.878,18.6
5.285135012354829,98.0,98.0,3.86,98.0,7.837927692920391,0.818,14.5
4.172515553172405,98.0,98.0,7.45,98.0,6.148356644385701,0.737,13.1
5.030277904015175,83.0,89.0,7.75,86.0,6.787437034961558,0.0,8.0
3.878520108141312,12.0,54.0,4.52,26.0,5.888385399372501,0.688,12.9
5.931405412123726,48.0,57.0,7.81,52.0,7.9950175205345,0.728,14.9
1.9462711817323155,73.0,7.0,9.76,73.0,3.75790704833138,0.442,10.3
4.618716343111919,95.0,97.0,5.22,97.0,7.575488377692843,0.561,9.6
0.5077451064408851,97.0,97.0,7.66,97.0,1.897428897167569,0.438,10.4
3.997092624308448,47.0,47.0,4.2,47.0,5.93524406562487,0.345,7.1
2.178042731528667,97.0,94.0,6.88,97.0,4.748917134191585,0.622,11.3
2.4974630538278046,99.0,98.0,4.42,99.0,4.591577948636856,0.763,14.5
4.592757168471885,99.0,99.0,4.6,99.0,7.139561925095766,0.712,12.9
5.532039538033012,96.0,96.0,4.5,96.0,8.13747644639771,0.677,11.8
6.734488586884643,88.0,94.0,1.99,95.0,8.404304165284973,0.916,16.9
4.311115607917084,62.0,58.0,8.18,62.0,6.419500529079097,0.476,10.0
8.993993376412169,83.0,83.0,11.19,83.0,10.771746763808034,0.87,15.3
6.185629833388309,96.0,94.0,6.33,96.0,8.10187511888464,0.616,10.6
8.259376077571604,99.0,99.0,3.64,99.0,10.70213696746133,0.832,13.3
3.829704409117005,76.0,75.0,9.25,76.0,6.120566006174876,0.419,9.8
2.416922004691393,82.0,84.0,4.48,81.0,5.009653065200687,0.61,10.6
5.098699926994869,97.0,98.0,6.83,97.0,7.424157948079581,0.773,13.7
5.224482062601576,97.0,97.0,6.61,97.0,9.561960652601256,0.785,14.0
6.912112648842395,95.0,95.0,2.37,96.0,9.979465809972597,0.82,12.7
2.118724087176266,98.0,95.0,7.72,99.0,6.103392325263338,0.721,12.4
5.222326369846636,83.0,8.0,4.41,83.0,7.289073567078059,0.533,11.8
4.060262386303808,83.0,84.0,3.82,83.0,6.65871095479262,0.465,10.3
8.983771756947123,96.0,96.0,4.92,96.0,10.939119632378215,0.922,15.4
6.475637900737152,9.0,94.0,7.25,94.0,8.792962481100112,0.797,15.1
6.948541556384543,98.0,96.0,2.83,98.0,9.728261532376935,0.782,12.4
6.131468429995783,68.0,69.0,5.34,68.0,8.459460876220522,0.668,11.9
2.943457541924955,83.0,83.0,3.72,8.0,5.558189682535549,0.644,11.5
4.86043678458956,97.0,95.0,5.33,96.0,7.036564906598916,0.78,14.7
4.378410582756509,84.0,85.0,4.51,84.0,6.2129515150453205,0.499,8.1
6.40666565881244,98.0,98.0,7.0,98.0,8.359996946560397,0.722,14.7
4.821060534710455,99.0,97.0,2.1,99.0,7.730330143460258,0.765,11.9
6.671637095350597,99.0,99.0,4.0,99.0,8.727820734289981,0.733,13.6
3.5342055932013183,88.0,94.0,7.41,93.0,5.664815851619292,0.723,12.9
8.701833032245307,9.0,95.0,1.52,96.0,10.454426640834274,0.884,16.4
6.5501545903883045,6.0,62.0,6.91,67.0,8.34774471502918,0.7,12.9
0.7031330370196953,89.0,76.0,4.62,89.0,2.5361839565477493,0.449,7.7
3.767107987938018,63.0,63.0,4.73,63.0,6.131859332673901,0.385,8.4
8.609798499624173,97.0,98.0,1.87,97.0,11.326214757290648,0.825,11.7
7.090343446898855,94.0,95.0,8.5,94.0,8.979449377956811,0.756,12.8
7.472968376710982,95.0,92.0,6.86,92.0,9.572113871462673,0.826,16.7
5.29806113372321,89.0,88.0,9.38,94.0,8.22326021202328,0.742,13.3
4.71055515874684,84.0,89.0,8.39,88.0,7.535661910707389,0.714,12.6
4.152027424598205,57.0,51.0,3.98,59.0,6.450386457481802,0.418,6.2
6.423901097106432,98.0,97.0,5.47,97.0,8.450479545448868,0.745,13.4
5.191970759862222,97.0,98.0,6.88,97.0,9.626115935523815,0.792,14.3
4.658470586589692,42.0,54.0,4.47,42.0,7.036877906644032,0.477,9.1
4.541322600392908,98.0,99.0,6.31,98.0,7.10189450457628,0.651,11.8
5.070645327091666,99.0,99.0,2.49,99.0,8.002145333217026,0.797,13.6
6.13925434420413,89.0,96.0,8.24,88.0,8.111396658192836,0.72,13.1
5.624378378971059,94.0,95.0,9.84,95.0,7.521094945041795,0.792,15.9
7.765455198022554,96.0,96.0,3.74,96.0,10.304638500690992,0.821,12.6
2.317035767242308,98.0,99.0,6.17,99.0,4.561976631541335,0.803,15.0
7.997477728193912,92.0,94.0,2.46,94.0,10.49576899245202,0.813,12.4
6.031076458973453,21.0,54.0,6.98,5.0,8.180532972727503,0.734,14.9
3.791909747461353,93.0,95.0,6.4,93.0,6.605768071168045,0.603,11.1
5.575261345483104,93.0,96.0,5.32,96.0,7.761146125088826,0.662,13.3
8.250929325998799,97.0,94.0,7.73,94.0,10.391165222634164,0.889,15.9
9.022354562146583,87.0,95.0,1.39,96.0,10.729857916479007,0.903,16.6
4.102435887812406,91.0,87.0,11.38,91.0,5.874159073931732,0.466,10.7
6.436490106325029,98.0,98.0,7.15,98.0,8.356534363796989,0.714,14.5
2.910032645300226,9.0,9.0,3.24,9.0,6.180327040260274,0.404,5.1
4.813665791649963,89.0,89.0,7.6,89.0,7.126050078073629,0.794,13.9
2.2314415575220603,72.0,7.0,5.19,72.0,3.9731856227343454,0.427,8.4
6.783026665333264,95.0,95.0,6.6,95.0,8.955334994658374,0.738,12.5
4.147784390722686,72.0,72.0,2.61,72.0,7.183862869811648,0.542,7.8
1.573647503231061,8.0,86.0,1.97,78.0,5.39717726590929,0.445,7.7
4.383478872291188,83.0,84.0,9.16,83.0,8.7692299311896,0.737,14.0
2.35949311269911,72.0,77.0,6.35,73.0,4.3742166157182245,0.396,7.3
6.4841656621967925,92.0,92.0,6.95,92.0,8.267876207457386,0.675,13.2
1.9731876117685436,89.0,93.0,6.41,89.0,3.9066063618659888,0.502,10.5
3.760303310195323,83.0,83.0,5.37,83.0,6.192206835848182,0.449,11.0
5.048981369095847,94.0,95.0,7.28,95.0,7.033393691330691,0.561,10.1
3.562810682735608,68.0,71.0,5.12,7.0,6.03019531333379,0.408,9.5
3.4945560178372967,89.0,89.0,6.24,89.0,5.4718984955982775,0.371,8.2
5.7794658941170285,98.0,99.0,6.27,98.0,7.949158173569652,0.686,12.3
9.36871058674584,91.0,92.0,9.36,92.0,11.12252582223859,0.93,20.1
2.060135598603125,99.0,99.0,8.99,99.0,5.699430087077191,0.377,9.6
2.068633091889155,91.0,95.0,3.5,93.0,5.454442720707696,0.0,4.7
6.337785564695089,99.0,99.0,3.8,99.0,9.045184452203095,0.705,10.7
5.450657657896266,92.0,93.0,8.4,93.0,7.468853314702489,0.597,11.1
2.6107195639479075,95.0,95.0,3.47,95.0,5.016794626404158,0.685,12.3
4.864732614360749,78.0,85.0,8.17,86.0,7.1643559086483934,0.444,6.3
4.575094936019374,84.0,84.0,5.35,84.0,6.65269510725522,0.415,6.4
4.110412421331494,85.0,88.0,9.0,85.0,6.601161157247828,0.0,10.4
5.435267979969041,82.0,98.0,7.25,98.0,7.450390806252132,0.828,15.7
5.353002976471368,95.0,95.0,3.4,96.0,8.27285548738327,0.725,11.9
6.508906367942563,95.0,95.0,5.79,95.0,8.487398436536058,0.705,12.8
4.074554540146475,4.0,51.0,3.0,4.0,6.881896374888158,0.381,7.3
8.361917498465628,97.0,96.0,7.89,96.0,10.50217759564764,0.891,15.9
2.097631521810257,88.0,89.0,4.17,88.0,4.541338103264136,0.514,10.7
7.763871114073392,95.0,95.0,7.79,95.0,9.603623431320266,0.841,16.2
5.25512467142811,83.0,82.0,2.74,81.0,8.043819521958637,0.656,12.1
6.374395637436917,99.0,99.0,6.18,99.0,8.326269300816717,0.706,14.4
5.576748416564761,49.0,49.0,3.67,49.0,8.077968009623909,0.521,10.0
2.32532715278525,96.0,96.0,3.89,96.0,4.984470631905648,0.774,13.0
6.769401689662082,88.0,94.0,1.93,95.0,8.451550692586146,0.912,16.8
3.948143035273696,64.0,62.0,9.86,64.0,5.821445183962548,0.434,10.6
8.14676266577188,28.0,98.0,9.89,97.0,10.022528363528044,0.849,15.6
6.279777671342197,98.0,98.0,2.4,98.0,9.5748089217176,0.757,14.8
8.526797731401524,96.0,96.0,9.52,96.0,10.383889002224352,0.858,16.3
6.147761571460412,98.0,97.0,7.32,98.0,7.907413361773698,0.618,10.5
6.661145957576566,97.0,98.0,6.15,97.0,8.981759060933545,0.746,15.8
8.878117625528336,94.0,92.0,9.5,92.0,10.662984089774609,0.925,19.1
7.457468337485712,98.0,93.0,7.44,93.0,9.849453633433551,0.863,16.0
2.8933502566504217,72.0,81.0,8.4,81.0,7.1130479519943535,0.456,6.8
4.70839794162928,99.0,99.0,5.55,99.0,8.946963689186171,0.723,13.1
5.439994905604457,82.0,82.0,9.14,82.0,7.392424573456935,0.464,6.3
5.631458006344329,75.0,76.0,8.3,76.0,7.691106301438446,0.819,14.6
3.633922699284301,69.0,7.0,6.58,69.0,6.657573387853142,0.421,8.0
4.250482532079801,81.0,75.0,8.7,81.0,6.570568849986255,0.74,13.1
6.065324739977666,61.0,7.0,5.26,69.0,8.802691243631148,0.656,10.5
8.530941151248486,77.0,97.0,9.24,97.0,10.517815605626206,0.861,15.7
3.697158509708863,5.0,8.0,4.47,76.0,6.639534049934879,0.651,10.6
6.199490177963379,98.0,98.0,5.9,98.0,8.141261984559979,0.601,11.8
5.603004761160019,8.0,95.0,3.36,95.0,8.150646221844118,0.686,12.3
2.1877432432068926,93.0,93.0,1.18,93.0,3.778216505250725,0.415,9.9
2.092727559744261,7.0,73.0,4.73,7.0,4.139954707232048,0.43,8.5
0.8421980538804,92.0,92.0,11.59,92.0,4.287972787602991,0.413,9.3
9.040137504021365,28.0,89.0,1.3,92.0,10.74929865088304,0.897,15.8
5.013831574545239,91.0,99.0,7.19,98.0,8.0545072885813,0.685,14.3
4.676178692184533,7.0,86.0,4.79,86.0,7.047156895578193,0.6,9.7
7.304674915666517,92.0,91.0,5.78,92.0,9.86024236403468,0.772,12.6
4.350585312985233,39.0,46.0,3.42,39.0,6.894803536094847,0.387,7.3
3.9726318793558777,99.0,98.0,3.84,98.0,8.229761704365313,0.695,14.0
8.706632520163406,97.0,97.0,4.22,97.0,10.90471047119792,0.917,15.4
1.9085633091843253,74.0,73.0,5.38,74.0,6.040792221316816,0.39,9.3
2.122740552261238,74.0,75.0,3.54,75.0,4.73893855053255,0.475,7.4
6.222797661617564,65.0,98.0,8.7,98.0,8.168807170668426,0.73,13.2
8.76538612351538,87.0,94.0,1.34,96.0,10.503665799235314,0.892,16.5
2.348453971885413,96.0,98.0,5.6,98.0,5.369500446443183,0.569,9.8
8.203541976035813,97.0,97.0,9.9,97.0,10.119271625199202,0.804,15.8
5.683646636191345,79.0,65.0,5.53,79.0,7.77217521374614,0.665,12.4
5.10453658976805,96.0,99.0,4.48,97.0,9.144110198080574,0.0,0.0
2.448824118055131,63.0,35.0,7.8,33.0,4.774887475018364,0.34,5.9
1.7286024474251294,75.0,82.0,1.78,82.0,5.69700234141222,0.474,8.0
4.114345068795094,83.0,78.0,6.34,77.0,6.1922450101818125,0.338,5.8
5.483306170573426,93.0,97.0,6.89,97.0,8.1720935091832,0.844,13.7
8.980643341072765,14.0,9.0,9.83,94.0,10.70426701932794,0.894,15.8
3.2122855945252557,56.0,53.0,6.59,5.0,7.506880553756322,0.695,13.9
3.171693261416016,85.0,86.0,2.93,85.0,5.896230312169773,0.677,12.9
5.788983382679948,97.0,97.0,4.39,97.0,8.251282575471272,0.691,12.5
8.762169366228616,95.0,95.0,8.15,95.0,10.869872848527704,0.909,18.5
7.71781208811174,85.0,94.0,8.83,92.0,9.67006299924683,0.805,14.8
4.59382540856506,75.0,79.0,1.21,75.0,7.429842891813315,0.597,11.9
3.102303958000693,92.0,88.0,11.49,92.0,5.117271501313486,0.29,5.9
3.8738992976723567,8.0,78.0,6.81,8.0,6.301194479947375,0.401,8.9
1.162802577304781,99.0,99.0,3.51,99.0,5.167723084958334,0.0,10.3
7.536196912189743,96.0,99.0,2.85,99.0,10.238761764669642,0.841,14.1
5.2425088137062446,97.0,98.0,5.38,98.0,9.436992612634429,0.754,14.4
2.3728576397339163,93.0,86.0,1.5,93.0,6.130939871020689,0.43,10.2
3.452942150969565,7.0,78.0,2.91,77.0,6.568737730621598,0.487,6.1
5.196371282855062,97.0,66.0,3.85,83.0,7.158425259540099,0.0,10.3
4.205026339670308,54.0,87.0,5.68,87.0,6.599301372665193,0.408,6.2
5.023150964653285,89.0,89.0,8.37,89.0,6.419381414253076,0.734,12.8
0.0,7.0,7.0,6.52,68.0,6.118870368671413,0.418,9.5
8.562132441945506,97.0,97.0,8.48,97.0,10.537409689865576,0.862,16.1
6.447056329508692,92.0,96.0,5.62,96.0,8.585273009503435,0.593,11.9
9.221516612481098,95.0,99.0,7.67,98.0,11.088994181206418,0.865,13.6
8.548984137075886,64.0,96.0,9.32,95.0,10.47984001061604,0.88,18.8
3.596889967873784,5.0,9.0,2.51,87.0,6.072442733700025,0.484,7.9
7.568068348638389,77.0,95.0,7.21,95.0,9.594089315142224,0.82,15.7
2.915826086269456,93.0,93.0,5.83,93.0,5.295589729927234,0.619,11.4
5.184546663645648,92.0,92.0,6.97,92.0,7.160207224489383,0.815,15.2
6.159567791479807,95.0,96.0,6.65,95.0,7.935666770631326,0.589,10.4
7.023291834969326,99.0,99.0,3.38,99.0,9.408449283415358,0.744,13.3
4.307323358073162,98.0,99.0,5.99,99.0,6.6831578503002325,0.621,11.2
7.901404398965581,93.0,93.0,6.38,93.0,9.900606171341506,0.86,16.5
2.4870852407677067,98.0,98.0,5.38,98.0,6.81591829564199,0.761,13.8
1.8977158226393056,93.0,94.0,8.2,93.0,3.3798846775737124,0.371,9.7
6.582531303290787,96.0,97.0,4.17,97.0,9.3223254684647,0.783,13.0
4.927299594972898,98.0,98.0,7.44,98.0,9.05531050344244,0.776,14.0
2.66659758347544,97.0,97.0,3.37,97.0,5.383033371185009,0.735,13.4
5.130926311025658,84.0,87.0,6.3,87.0,7.281576739601776,0.754,13.1
5.663684013114487,6.0,96.0,8.12,95.0,7.752961997312186,0.869,18.0
6.32243252627382,95.0,95.0,6.14,95.0,8.624400619281232,0.732,14.4
3.554157960743225,62.0,77.0,2.23,76.0,6.618714611391116,0.604,10.6
3.08506037315986,25.0,88.0,7.72,88.0,5.001169945353583,0.416,4.5
2.1395249989755154,96.0,96.0,5.44,96.0,4.907688078899754,0.546,10.6
0.8883239472677674,92.0,89.0,4.42,92.0,2.9576778000787693,0.455,7.9
5.814629921437672,63.0,67.0,4.12,69.0,7.48938258614802,0.0,10.7
7.352625158944766,89.0,91.0,2.18,8.0,10.308528954226738,0.808,13.0
3.9925652213112977,69.0,97.0,5.94,94.0,6.544537720168012,0.644,11.1
5.806510633701425,98.0,98.0,9.74,98.0,7.854934569356661,0.824,16.3
7.60617633070364,99.0,98.0,2.76,98.0,10.558377596513742,0.79,13.5
0.5324690140532485,86.0,92.0,4.2,9.0,3.1253910943171115,0.0,4.4
7.967287178571082,97.0,97.0,9.67,97.0,9.8945701418522,0.793,15.4
1.4891540713689262,65.0,72.0,1.98,75.0,4.381119223100498,0.597,10.7
5.651809075365521,95.0,93.0,5.88,95.0,7.46287098644094,0.0,10.1
2.8840938099771143,64.0,36.0,7.76,36.0,5.240931603336766,0.341,6.2
5.953625865788604,94.0,94.0,7.9,95.0,8.12639352903005,0.738,13.3
8.802064407359653,74.0,99.0,11.56,99.0,10.658555514534577,0.887,16.2
4.086471561828187,47.0,47.0,3.73,47.0,6.205237892843812,0.361,6.8
3.0695994275347727,66.0,79.0,4.36,73.0,7.062759911231073,0.477,9.2
5.04961935296707,86.0,9.0,6.17,86.0,7.375827243764772,0.781,15.8
6.506896644862632,98.0,98.0,9.54,98.0,8.158556209653804,0.742,13.6
6.082360681148413,99.0,99.0,5.71,99.0,8.397999364061072,0.738,13.3
8.959126041213924,86.0,95.0,1.18,96.0,10.641029994288123,0.898,16.6
6.73829308447577,99.0,99.0,4.64,99.0,9.050871050751368,0.713,12.1
4.490489278889152,9.0,91.0,5.25,91.0,7.45180706694102,0.551,9.3
7.878676971932262,95.0,95.0,3.66,95.0,10.421711525301008,0.839,13.9
5.273474158743775,97.0,99.0,4.22,95.0,8.369659815526079,0.709,12.5
4.113926383279632,72.0,72.0,2.7,72.0,7.149478443348737,0.538,7.7
2.7944372136613733,62.0,97.0,4.28,97.0,5.168602681021639,0.705,12.8
2.42134306746532,84.0,98.0,3.14,98.0,5.664425463121384,0.0,5.0
4.791293800790582,99.0,99.0,5.34,99.0,7.22898435526494,0.657,11.9
4.989344919292376,97.0,94.0,6.41,97.0,8.904720597797011,0.0,15.8
3.6140393510177495,98.0,98.0,4.77,98.0,6.334255056340143,0.756,14.0
2.7121363075870293,93.0,99.0,6.62,99.0,7.127190510971607,0.681,13.3
5.0866082799825705,91.0,91.0,6.52,91.0,8.195201991827387,0.747,15.0
7.543882220626127,96.0,96.0,6.61,96.0,9.613306906580991,0.82,16.5
6.128558988123613,88.0,88.0,6.28,88.0,8.067414154074152,0.609,10.5
5.1832622099067125,99.0,98.0,4.8,98.0,9.460801273996047,0.755,13.5
7.08082541555298,95.0,95.0,5.31,95.0,9.419314205330034,0.745,12.3
4.590281044601201,8.0,82.0,4.12,83.0,6.443424234163893,0.709,13.2
4.385477979924001,75.0,73.0,2.87,75.0,7.240120230099717,0.487,7.7
4.63535576652036,96.0,99.0,1.6,97.0,6.51755953845751,0.78,16.5
5.261273428779228,99.0,99.0,3.43,99.0,7.9446734102720065,0.739,13.5
6.564318858528478,99.0,99.0,3.65,99.0,9.049533463780312,0.758,14.6
5.275220544706046,91.0,92.0,8.29,92.0,7.054745555629024,0.566,10.3
2.1926732519724146,88.0,89.0,9.71,88.0,4.028148383484571,0.711,13.4
3.757069671326781,99.0,99.0,5.34,99.0,6.205282413077391,0.725,12.5
5.052907512053978,88.0,91.0,4.5,91.0,7.560323245444109,0.655,11.5
6.976599205110612,86.0,88.0,8.45,88.0,8.335362914724449,0.715,12.1
6.623265800640612,88.0,88.0,8.93,88.0,8.598283464601375,0.632,11.7
6.821402788515464,96.0,96.0,8.48,97.0,9.410661018905769,0.734,14.2
1.88588261979185,64.0,84.0,14.39,81.0,3.5458023890367043,0.4,9.7
6.094421522099764,88.0,87.0,7.89,89.0,7.841256792023195,0.884,18.4
3.977392418966501,23.0,23.0,3.82,23.0,5.824479664186684,0.37,7.1
7.439674336007487,98.0,91.0,7.49,9.0,9.82185207908436,0.855,15.3
6.077169810439904,57.0,57.0,5.7,62.0,8.147429370348055,0.69,12.9
4.019368065574252,89.0,88.0,11.98,89.0,6.101495389790547,0.392,8.9
1.688092599283041,9.0,9.0,4.6,9.0,5.909249249611071,0.632,13.1
4.6408600094189545,76.0,77.0,3.1,73.0,7.526684792910602,0.638,11.0
3.2421912550414667,89.0,84.0,4.56,89.0,5.62506081013191,0.671,11.7
6.158737537578754,82.0,84.0,4.59,82.0,8.174308368039158,0.707,14.4
4.669399844432491,52.0,8.0,6.17,78.0,7.813938202644215,0.682,10.7
6.346733133714671,84.0,88.0,5.13,86.0,8.129660560021096,0.698,14.5
4.119286746918796,88.0,88.0,3.9,88.0,6.822087636776407,0.506,10.4
3.1491502301479906,96.0,96.0,4.7,96.0,5.584824970832005,0.693,14.3
2.7703196423239893,95.0,95.0,5.56,95.0,6.713178885479997,0.795,15.4
3.0548606367689115,91.0,92.0,5.25,9.0,7.405348781288232,0.679,10.9
2.230998101864923,94.0,93.0,4.72,94.0,4.568483921285308,0.425,6.8
3.717255143646774,96.0,96.0,8.3,96.0,5.648113040676519,0.398,10.5
3.503300631685399,75.0,4.0,6.66,75.0,5.931135783427463,0.323,4.8
7.557136887988333,97.0,96.0,7.8,96.0,9.584671420195702,0.808,14.5
8.177081883359206,33.0,71.0,1.6,81.0,10.107173728907703,0.833,15.4
4.415551725830526,79.0,86.0,4.92,84.0,7.07210740494802,0.588,10.0
4.52330610024544,97.0,97.0,7.93,96.0,6.4533020806184656,0.653,11.6
5.208985362439515,96.0,96.0,5.41,96.0,9.403290677960388,0.759,14.5
2.034572632456343,99.0,99.0,4.6,99.0,4.438347892641061,0.728,13.6
4.044048389490847,98.0,98.0,6.18,98.0,6.473213453185995,0.609,10.5
3.485408779031542,68.0,81.0,4.55,74.0,5.606973222136954,0.501,9.9
3.5529624132350386,99.0,99.0,3.95,82.0,7.963908223334671,0.725,13.5
4.470809198602116,43.0,94.0,11.12,94.0,6.47749861362624,0.504,9.7
4.8496689547847645,98.0,99.0,5.6,95.0,7.399896008275815,0.661,13.0
