Life expectancy,percentage expenditure,Hepatitis B,Polio,Total expenditure,Diphtheria,GDP,Income composition of resources,Schooling,Predicted Life Expectancy
57.3,0.8707274033063157,66,58,8.7,58,3.26934571655277,0.396,7.9,58.61666600297137
56.7,2.4923003100268697,65,41,8.82,41,5.296959162606505,0.373,6.5,56.81951262311237
55.3,2.448824118055131,63,35,7.8,33,4.774887475018364,0.34,5.9,56.57408579384408
54.8,2.435800435680048,62,24,8.2,24,4.749789875598035,0.338,5.5,57.63631485729682
76.1,5.855232229409847,98,98,5.79,98,8.322427294820676,0.721,12.2,72.54741501226658
75.3,3.6275908050833454,99,99,5.87,99,6.083450222776355,0.713,12.0,72.32663689590082
73.0,5.406466590142783,99,98,6.38,97,7.790525725110208,0.681,10.9,71.40857622100086
72.6,4.529492958027057,96,97,6.26,97,7.070544805715177,0.656,10.7,76.83732363072838
75.4,4.01163878101945,95,95,7.21,95,6.307828277513971,0.741,14.4,72.42068109279725
56.0,5.549552719535908,75,75,3.3,75,8.433648523096771,0.508,10.3,61.185225323932926
51.0,5.484346176728367,72,73,3.38,71,8.366400275651035,0.495,9.4,55.00386121796399
76.2,7.793174253954877,99,96,5.54,99,9.46415253044146,0.782,13.9,74.52219446693978
75.7,7.502117674080872,99,99,5.65,99,9.386840844921688,0.782,14.1,72.32663689590082
75.9,7.033998429400421,91,99,5.2,91,9.47045373583578,0.822,17.2,71.89255216645032
75.4,7.254697817330266,9,94,6.66,93,9.099895762521296,0.792,16.3,74.82019247659822
74.9,4.576426354754442,88,95,6.85,98,6.359372860582331,0.78,16.3,77.02739715576172
74.6,5.692413809919565,93,95,4.48,93,8.292977153944294,0.739,12.7,73.46666587271342
74.4,5.617326211198904,95,96,4.48,95,8.212255927396892,0.732,12.7,67.07231270394674
73.2,1.3581258012933668,89,91,3.8,89,3.744076904855239,0.721,12.3,70.24370984333318
72.7,2.12124223487826,93,96,5.56,94,4.5450608463285,0.657,10.8,71.4098780562238
72.6,4.063509064533305,91,96,5.4,94,6.664742764396565,0.645,10.8,68.213821690257
72.6,3.9925652213112977,69,97,5.94,94,6.544537720168012,0.644,11.1,73.51544673268388
82.3,9.36871058674584,91,92,9.36,92,11.12252582223859,0.93,20.1,76.51205314077983
81.1,4.517267631217479,95,95,11.14,95,6.320256148737966,0.887,15.7,72.42068109279725
88.0,8.972003529298954,92,92,11.17,92,10.785902375095487,0.884,15.7,71.26292214742521
78.8,6.225411280345961,83,84,1.48,84,8.075251477645555,0.837,14.7,65.52814102172852
78.6,8.184192448422317,44,83,1.12,84,10.10605018338659,0.837,15.5,66.00569124919612
71.9,5.658123771540717,88,92,5.37,89,8.922303000146385,0.742,11.8,68.59903075055378
73.0,5.176210242607467,62,81,5.1,79,8.256461439614514,0.708,11.6,63.52918690006907
67.8,3.770802972645638,51,79,6.56,77,6.785185300236318,0.659,10.8,65.71479732234303
76.0,5.810945658331268,98,97,3.79,98,9.870844124263598,0.814,14.4,72.27229104390959
75.8,5.449096187471604,97,97,3.17,97,7.770039713285685,0.815,14.4,74.58227520454221
75.6,5.63250227708945,97,97,3.8,97,7.999045929754367,0.813,14.4,74.58227520454221
75.2,7.230728306316781,98,98,3.37,98,9.670765549594348,0.803,13.9,72.54741501226658
74.5,5.128282404663391,97,97,3.51,97,9.52056738754834,0.786,13.2,74.58227520454221
71.4,2.437675561877319,97,97,2.82,97,5.223407542227545,0.57,10.0,74.58227520454221
75.1,5.5645372110129285,87,88,7.43,87,9.641205153217594,0.785,15.3,56.45505402727825
74.4,3.278003651563158,85,85,6.1,85,7.413562009145617,0.775,15.3,69.49137161999214
73.7,2.675113128994131,91,9,5.82,89,7.11439921723775,0.753,14.2,65.66509805074553
72.0,7.045873610499124,97,97,5.69,97,9.026348936991392,0.796,15.7,74.58227520454221
71.9,4.529472255427822,97,98,5.1,98,6.54426274082838,0.793,15.6,76.1058064902701
68.1,3.8426745988889546,99,98,6.89,99,8.04805883864021,0.713,14.4,73.3781312151653
67.7,3.2122855945252557,56,53,6.59,5,7.506880553756322,0.695,13.9,57.14837330143626
67.2,4.986502171445528,99,99,6.47,99,7.300056212984315,0.687,13.6,72.32663689590082
87.0,6.555867937591436,98,99,1.57,99,8.44513558628423,0.889,16.3,75.61650848388672
79.5,6.463584828102559,94,99,9.25,98,8.39949719672168,0.871,15.8,79.1195127905869
78.9,8.530941151248486,77,97,9.24,97,10.517815605626206,0.861,15.7,67.15364353831221
78.3,6.231083951076162,64,96,9.3,95,8.22816539521763,0.878,18.6,77.19370065084318
69.5,6.347306390464774,96,96,5.85,96,8.376815966893833,0.7,12.4,71.86741880091225
69.5,6.311389213506954,97,98,5.81,97,8.356974816201227,0.7,12.7,71.41674655821265
69.0,5.904816456849009,96,96,4.45,96,8.277496442511152,0.695,12.8,71.86741880091225
59.7,4.5122000132405,78,74,4.59,78,6.8508532058135225,0.475,10.7,61.026015956227376
59.1,4.711900020800377,75,77,5.37,75,6.717735509317236,0.454,9.8,61.21660734967488
55.6,3.725407900453664,15,76,4.27,75,6.039536778148897,0.407,7.3,63.99738749062143
69.1,3.0344997296748986,97,97,3.83,97,5.467565879767597,0.589,12.6,74.58227520454221
67.0,5.715933612978115,96,96,6.58,96,7.493418229286836,0.6651734296831573,10.5,71.86741880091225
66.5,5.651809075365521,95,93,5.88,95,7.46287098644094,0.6651734296831573,10.1,74.45067949992854
65.0,4.987684218233415,95,95,5.28,95,7.129789351051804,0.6651734296831573,9.2,72.42068109279725
62.5,5.030277904015175,83,89,7.75,86,6.787437034961558,0.6651734296831573,8.0,71.38902487405916
61.7,2.25905420481548,89,88,5.91,88,4.487948125080947,0.6651734296831573,7.6,68.89840084168969
77.0,4.338735828347251,91,87,9.46,89,6.285747690720974,0.735,14.2,58.3656431058558
75.5,1.4996049344325153,36,87,9.4,84,5.585909413697662,0.6651734296831573,12.3,65.09654459139196
65.1,6.497984204492825,95,96,5.41,95,8.922493269374343,0.697,12.6,67.07231270394674
64.2,0.7503831379210951,95,96,5.84,95,4.364699673635564,0.693,12.6,67.07231270394674
63.4,2.6271635619186333,95,96,6.27,95,6.593361542793994,0.687,12.5,67.07231270394674
59.2,6.05862205648117,94,96,6.39,96,8.553858689902682,0.661,12.2,74.18506194324029
57.5,6.16932321668576,94,96,5.55,96,8.63486592161142,0.646,12.1,74.18506194324029
54.8,4.347935570774652,93,96,4.93,96,8.589617078737671,0.61,11.9,70.88709770760885
46.4,5.705005477150343,9,96,4.65,96,8.334389822569495,0.567,11.8,72.68275153927686
46.0,1.991976498162744,88,97,6.47,97,5.876666252053378,0.558,11.9,74.94569387668517
73.8,7.014087514866904,96,99,8.27,99,9.325912503161245,0.716,13.8,78.89107662293969
72.7,3.2093789015103176,98,99,8.27,99,6.1699929732356855,0.694,13.8,75.61650848388672
75.0,5.195607386781079,94,99,7.3,98,8.226872804337825,0.677,14.1,79.1195127905869
77.1,7.953777448187027,98,99,2.61,99,10.70545056506692,0.86,14.9,75.61650848388672
76.9,7.704976049165715,96,99,2.73,95,10.470762837202695,0.845,14.2,75.5630820669779
76.0,7.625379157117167,97,95,2.32,99,10.394315565399872,0.84,14.3,74.39165962033155
76.3,3.2571472102447347,99,94,2.24,97,5.991381843688148,0.837,14.3,72.14253393033655
74.4,2.549199912727238,99,99,3.5,99,5.244115952941039,0.818,13.4,72.32663689590082
73.4,6.643067452052972,95,94,7.24,94,8.831166104318887,0.77,13.9,75.45365756895484
72.9,4.69118835299127,96,96,6.61,95,8.895235368467842,0.761,13.8,73.04365725633575
72.0,3.508141473700783,96,96,7.43,96,5.6075220568520505,0.729,12.9,71.86741880091225
54.3,4.178076641632535,76,94,6.58,86,6.048868074766195,0.325,4.7,69.03658592410204
56.2,1.1087258646119145,94,96,6.96,94,3.255965499740733,0.336,8.6,71.45561106612043
54.8,1.0030536329962132,99,93,1.3,99,2.933854210257899,0.309,7.2,71.61386210743974
54.1,3.102303958000693,92,88,11.49,92,5.117271501313486,0.29,5.9,70.63205402653392
53.4,1.0106699140710311,87,82,9.84,87,2.807855716274604,0.286,5.6,71.62122754352849
72.8,5.7888276114452255,94,93,4.29,93,8.177458607040686,0.643,13.6,70.30802694181116
72.4,5.890596377127087,98,99,3.96,99,8.199727823206128,0.615,12.2,75.61650848388672
71.8,1.4701337672038364,93,95,4.86,95,5.517993272523616,0.582,11.2,74.23780394763482
71.1,5.347519350669895,66,93,5.0,92,7.478690372602455,0.572,11.3,73.36735813792158
68.3,2.5786641581549805,88,87,5.68,88,5.29675175662015,0.553,10.9,65.21893143072361
65.6,3.9908358579397625,91,91,5.55,91,6.6157810581594525,0.511,10.5,69.23756408691406
55.3,4.623979625138128,84,83,5.28,84,7.076543359174963,0.48,9.7,64.95891626869759
54.8,2.3068301591374585,8,79,5.7,8,4.821855970739881,0.473,9.2,60.729104577041255
53.3,0.6742176685076932,81,78,4.69,81,2.638283029922607,0.456,8.2,63.31132060725515
82.0,4.636574050104193,55,91,1.45,91,6.301581368019077,0.912,15.9,77.0295551579173
85.0,6.649219973864813,14,95,9.75,95,8.386560332267662,0.891,15.8,75.608131780857
80.0,8.615105423671169,14,91,9.56,91,10.372893251494672,0.881,15.8,76.73036621838081
49.6,3.913860960154091,17,3,2.92,19,6.836014769406788,0.338,6.0,55.04742161820575
81.0,7.80107296110994,9,9,7.53,91,9.676737331250033,0.831,15.6,75.02507409816835
79.1,5.184546663645648,92,92,6.97,92,7.160207224489383,0.815,15.2,71.26292214742521
79.3,5.206892206770892,94,94,7.39,94,7.126351097015488,0.816,15.3,72.1731522722942
78.9,7.15202577637361,95,94,6.18,94,9.157538701297716,0.796,14.9,75.45365756895484
75.8,4.70839794162928,99,99,5.55,99,8.946963689186171,0.723,13.1,72.32663689590082
75.2,4.52469194287443,99,99,5.3,99,8.636716251906542,0.7,12.8,72.32663689590082
75.0,1.8962328173190863,99,99,4.89,99,6.125804178332173,0.691,12.5,72.32663689590082
74.9,3.937368853004323,99,99,5.8,99,8.25308031493748,0.682,12.2,72.32663689590082
74.5,3.694491111272042,95,99,4.59,97,8.15255737133773,0.672,11.9,74.6495586488305
74.4,5.748317509383001,92,94,4.32,93,7.899660302198554,0.659,11.4,73.78719385658822
73.5,0.9503769862245804,79,87,4.72,87,5.073099552938462,0.622,10.2,72.11951288362829
73.1,4.819769619260286,75,87,4.82,86,7.162120655937893,0.61,9.9,69.8463420402713
74.4,2.7826971358942347,91,91,6.84,91,4.437772314964438,0.712,13.3,69.23756408691406
73.6,4.7383333135613634,88,88,6.76,88,6.440396852101794,0.695,12.8,67.21133813625428
73.5,6.886603560271232,92,92,6.62,92,8.600564108298128,0.683,12.2,71.26292214742521
73.5,6.661336287629622,93,93,6.25,93,8.450031416020547,0.675,11.9,70.85561352241331
73.1,6.278485434024774,93,93,5.82,93,8.12777543307341,0.658,11.1,70.85561352241331
72.8,3.765367331937069,89,89,5.37,89,5.617677748352778,0.658,11.3,71.39675010122905
71.8,5.97857524403628,78,83,5.67,81,7.765028586031573,0.656,11.5,65.34869887189167
71.4,6.169891407324531,78,82,5.91,79,7.813267260682573,0.65,11.3,65.51943020704316
61.8,3.8775189011506535,74,82,5.82,74,6.646616837676344,0.476,10.5,64.66707220310118
63.0,4.357072809157884,69,69,4.57,69,6.4760291027750885,0.451,9.9,60.79060940626191
79.5,5.954574691274996,91,91,9.31,91,7.407585750999655,0.768,13.9,69.23756408691406
78.9,7.5283831745256276,89,89,9.1,9,8.841034005891787,0.74,12.9,70.84961579485638
78.3,4.735754266426956,94,94,8.23,94,6.138050220005051,0.712,11.9,72.1731522722942
77.5,6.767770374947875,8,92,7.25,91,8.289672190534546,0.708,11.7,74.85869970554259
77.1,7.524406471731891,98,96,7.8,96,9.490769523219626,0.815,14.6,78.85279064643674
76.0,7.794165559983372,97,96,7.7,96,9.673751417820007,0.8,14.3,76.32131399759432
78.1,6.7091544529281935,96,99,11.78,96,8.609913894144107,0.782,17.7,76.31999318192645
77.3,1.70188118275972,99,98,6.14,88,5.831050037059632,0.705,13.2,72.83713308194788
83.0,5.33899948056547,96,99,7.37,99,7.914209814390551,0.85,14.0,78.89107662293969
79.7,7.801524301629109,96,99,7.54,99,10.38080311619051,0.847,13.8,78.89107662293969
79.3,5.443509834283796,96,99,7.4,99,8.076147298371147,0.849,14.1,78.89107662293969
61.3,5.23907683796374,88,88,8.84,88,7.1906739544506175,0.441,5.5,67.21133813625428
73.4,4.590281044601201,8,82,4.12,83,6.443424234163893,0.709,13.2,67.9947139460866
73.1,6.7390853525950485,8,84,4.22,84,8.658804379404,0.703,13.0,68.18384114707389
73.3,3.9138696896567344,81,86,4.2,82,6.23906530769762,0.692,12.8,66.91802224880311
72.9,4.328385174976505,81,86,4.34,85,8.444259763983958,0.685,12.7,68.70548834451814
72.3,5.869170144929534,84,88,4.34,89,8.252568254012177,0.677,12.6,69.92947145787682
69.7,5.672435811299682,87,86,4.26,87,8.211374113350008,0.668,12.6,63.17547840025367
72.0,3.824119844444619,68,71,5.9,78,5.646944715283467,0.651,12.2,66.2006098119224
75.5,3.7584259717772217,88,85,6.48,87,6.351135476098184,0.717,13.3,63.84626155946313
75.1,5.645955625463111,91,91,5.58,94,8.356217942771028,0.702,13.1,70.95733642578125
74.7,3.0255181310844934,94,95,5.94,96,5.8880988737618605,0.696,12.9,74.30552710556402
72.8,4.444711134425479,36,83,3.38,87,7.280902243231518,0.668,12.4,68.91951286502001
71.4,6.034126064428251,91,91,6.83,91,8.121920602554036,0.662,12.8,69.23756408691406
71.2,3.975968641156392,99,99,6.32,99,5.8166294070341324,0.657,12.9,72.32663689590082
61.4,0.9459117442194458,92,92,3.3,92,3.80119087888327,0.402,5.2,71.26292214742521
59.7,2.451237634004787,94,94,3.3,94,5.699870124719485,0.405,5.3,72.1731522722942
76.3,7.724934285003593,94,94,6.36,94,9.76554026417998,0.85,16.5,72.1731522722942
74.2,5.420855132979774,94,95,6.6,95,7.547263521545431,0.835,16.1,76.20522326957888
63.7,2.2314415575220603,72,7,5.19,72,3.9731856227343454,0.427,8.4,60.51483759065954
62.6,4.230849811527373,65,7,6.55,65,5.874499048926749,0.411,8.2,65.89808338444408
61.8,4.230240259570023,62,69,6.86,61,5.8359794106227,0.401,8.1,60.49878050641316
58.5,3.44886050174959,47,61,4.69,5,5.498506763477356,0.362,7.1,56.88821085487924
69.4,6.069548770664439,99,99,4.16,99,8.422385364211713,0.714,14.9,72.32663689590082
68.1,3.8065408077006895,99,96,3.61,95,8.111903627799236,0.691,13.4,72.32058343654725
81.1,8.766605844691108,51,98,11.28,98,10.63662753777343,0.879,16.0,80.38220642834175
89.0,8.854206128261305,47,98,1.57,98,10.72359017553899,0.877,16.1,80.06310067525725
63.5,6.692570631897196,82,8,3.13,82,9.187601918697158,0.669,12.5,59.37654057944693
62.3,4.985784262624943,67,68,3.41,67,9.077393194493329,0.66,12.5,62.53333301078983
65.0,5.869985384839794,28,44,2.76,45,8.816155494368937,0.64,12.4,52.67073152123428
73.9,5.29806113372321,89,88,9.38,94,8.22326021202328,0.742,13.3,71.33810983053068
72.7,4.270282628379586,48,74,8.49,75,6.834304919784379,0.684,11.8,69.2329271828256
80.0,8.941450042846888,88,95,11.4,96,10.639065972087597,0.906,16.7,79.37325268256956
79.2,8.701833032245307,9,95,1.52,96,10.454426640834274,0.884,16.4,72.61771225347752
78.5,6.369242723072119,9,96,1.62,97,8.119979590789486,0.872,16.3,77.68670282131288
61.9,3.390101997916074,9,91,4.63,9,7.5041119479370995,0.57,11.5,71.07530286835461
61.2,5.42151658550045,91,91,4.81,91,7.362631725275328,0.554,10.9,69.23756408691406
59.9,1.430639811931134,94,94,5.3,94,3.029491851818592,0.519,9.1,72.1731522722942
58.3,3.9933773406036654,8,81,3.96,8,6.050190046497168,0.491,7.7,70.01418797562762
57.6,1.467053266647121,8,8,3.7,78,3.700918517886502,0.484,7.6,64.19569145760885
85.0,8.068994062968406,95,99,9.77,99,10.162665728733588,0.86,16.7,79.63923254245665
79.7,5.76700970768118,94,98,9.34,98,7.816883545532196,0.85,16.3,74.12911391839748
79.1,7.661960642416161,92,93,8.61,94,9.824367416370928,0.823,15.2,72.53681368944122
78.7,7.247096404261194,9,9,8.47,91,9.4366133279917,0.801,14.2,75.02507409816835
72.9,2.531086770278719,94,95,6.35,95,6.610001833418536,0.741,15.8,76.20522326957888
72.4,4.99341079241637,99,99,6.24,99,8.908813737653407,0.6651734296831573,15.6,72.32663689590082
71.1,4.368756891023324,97,98,5.89,97,8.661247780230688,0.6651734296831573,14.6,71.41674655821265
79.0,6.242897242172874,98,98,6.67,98,8.574184373973814,0.6651734296831573,14.4,72.54741501226658
77.0,4.408103161651859,96,96,7.67,96,6.255670796770956,0.6651734296831573,14.3,71.86741880091225
71.3,6.185629833388309,96,94,6.33,96,8.10187511888464,0.616,10.6,61.58590726154606
71.1,6.128558988123613,88,88,6.28,88,8.067414154074152,0.609,10.5,67.21133813625428
79.0,6.159567791479807,95,96,6.65,95,7.935666770631326,0.589,10.4,67.07231270394674
75.0,5.945324381201998,85,85,6.86,85,7.820421785679079,0.578,10.1,69.49137161999214
57.8,3.425803502382132,64,62,4.55,64,6.086209418519259,0.38,8.3,61.84170820654892
57.6,0.6670733771395146,87,87,5.96,87,4.230504129626032,0.416,9.1,65.70286420496498
57.1,3.724576504433435,86,85,5.46,86,6.542039431821256,0.41,9.0,72.12388192153558
66.0,1.6373046713560362,98,97,5.25,98,3.802726085620789,0.636,10.3,72.27229104390959
65.2,5.145356053643445,93,92,4.67,93,7.573859831577332,0.622,11.7,64.672664177127
65.4,2.806373217752157,85,9,5.82,85,6.831503136198187,0.606,10.9,71.48096093898866
63.1,1.80882132410188,48,55,7.56,48,4.432182671566704,0.487,9.1,56.660365872266816
73.9,3.501467360696128,97,97,8.57,97,5.364033934141321,0.611,11.7,74.58227520454221
73.6,5.714081756829995,97,97,8.45,97,7.567272400319334,0.606,11.5,74.58227520454221
73.0,5.409332367529082,93,94,7.89,94,7.373733430603678,0.59,10.9,72.74877985512337
72.5,5.321611383022074,97,98,7.81,98,7.179873140557466,0.577,10.6,76.1058064902701
72.2,5.243068473823415,93,94,7.89,94,7.105505500280853,0.571,10.4,72.74877985512337
71.0,3.394787246574538,93,88,6.63,94,5.245882183611735,0.551,9.8,68.15691040783393
66.8,4.183665638551428,44,79,4.33,82,7.288020149630224,0.58,10.8,67.32804972951006
66.4,4.073011941963381,38,76,4.28,79,7.205465548067349,0.569,10.4,66.81650561821169
64.0,3.344203962562767,6,58,4.22,63,6.433451821430018,0.518,9.2,60.80772260340249
68.3,5.3607208306976695,81,81,2.71,81,8.198440549378285,0.662,12.3,63.97680878057712
67.9,3.796030168659098,62,67,5.54,64,6.514338354150614,0.658,10.1,62.306910165926304
74.0,5.2291639373509575,75,78,4.65,78,8.225809566263239,0.643,10.3,62.52418238942216
65.9,4.995593726785514,56,74,3.69,57,8.048860141016286,0.636,10.2,62.745121932611234
67.2,3.8093388265173216,62,69,5.61,74,7.239083538724794,0.603,9.8,63.37926864624024
85.0,8.797502419877352,95,95,8.32,95,10.804306461444362,0.895,18.5,72.42068109279725
84.0,8.762169366228616,95,95,8.15,95,10.869872848527704,0.909,18.5,72.42068109279725
79.7,7.457468337485712,98,93,7.44,93,9.849453633433551,0.863,16.0,72.01253490913206
78.9,5.302977010027784,98,93,7.13,93,7.674684006996487,0.845,15.2,72.01253490913206
82.3,6.182480870461401,96,96,9.22,96,8.171394432480845,0.876,16.5,71.86741880091225
82.0,8.601661495184524,96,96,9.27,96,10.55413645862203,0.872,16.4,71.86741880091225
81.8,8.56038079565814,96,96,9.42,96,10.487109268288656,0.869,16.4,71.86741880091225
81.2,6.16161134365371,96,97,8.82,96,8.114548562015832,0.856,16.0,68.09511398687596
88.0,8.413443813401079,96,97,8.71,95,10.372248602287122,0.851,15.8,74.05478798470845
79.4,3.4814192129844006,94,97,7.91,87,5.530391322827196,0.823,14.8,72.07300735101467
74.2,3.281793998201025,92,94,4.87,92,6.138845031508315,0.714,12.5,72.51247852604564
73.1,5.053621139082563,36,99,4.56,96,8.150820518426388,0.694,11.9,72.9824104309082
74.0,4.172515553172405,98,98,7.45,98,6.148356644385701,0.737,13.1,72.54741501226658
73.3,6.506896644862632,98,98,9.54,98,8.158556209653804,0.742,13.6,72.54741501226658
73.0,5.924958396256075,98,98,8.35,98,7.92438481319123,0.736,13.6,72.54741501226658
69.5,3.310808157072449,99,98,4.3,98,7.237674735817192,0.782,15.0,72.130563875524
69.1,5.465341709461229,95,98,4.32,99,9.424498863868822,0.774,14.7,77.52779332602897
67.8,2.4974630538278046,99,98,4.42,99,4.591577948636856,0.763,14.5,73.3781312151653
66.6,6.564318858528478,99,99,3.65,99,9.049533463780312,0.758,14.6,72.32663689590082
64.6,5.866072303562439,94,99,4.7,98,8.235434595684797,0.737,13.9,79.1195127905869
52.1,3.518587490947897,84,83,4.54,84,5.983556740408925,0.451,8.5,64.95891626869759
65.3,2.955775228815133,91,95,1.52,91,7.309322868288598,0.584,11.9,67.8427448737912
64.8,2.453095506513021,67,61,1.39,62,4.7416973368446245,0.6651734296831573,12.4,59.58963422077458
74.3,7.99259785310499,98,98,2.57,98,10.844777452934412,0.794,13.2,72.54741501226658
74.0,7.60617633070364,99,98,2.76,98,10.558377596513742,0.79,13.5,72.130563875524
73.7,7.846317693016503,99,99,2.13,99,10.731929672819374,0.787,13.9,72.32663689590082
73.2,4.73794941017985,99,99,3.61,99,7.412140775575177,0.786,14.0,72.32663689590082
71.0,4.394854473754129,98,99,6.51,99,8.756652907215383,0.776,15.5,75.61650848388672
73.0,5.933456703928588,98,98,6.29,97,8.326843318562746,0.746,14.8,70.67163234803735
69.9,5.808968487789348,96,97,6.17,97,8.181399088810169,0.728,14.2,76.83732363072838
74.8,4.951431043782792,81,75,6.39,81,9.007301044630166,0.763,13.3,73.16932715439215
75.0,6.728703589580114,81,75,7.12,81,9.0752037259072,0.758,13.2,73.16932715439215
74.7,2.212701261545281,81,75,7.42,81,4.4458095344640345,0.746,13.2,73.16932715439215
74.1,6.283349468018527,78,75,8.83,78,8.58926433163544,0.733,13.2,57.74785046461152
73.7,6.428689085754386,75,74,8.91,75,8.598814386776175,0.6651734296831573,14.2,60.68619518745236
52.2,5.130696616633167,95,93,11.14,95,7.156579052600633,0.479,11.0,74.45067949992854
67.0,3.893836931501209,8,8,1.19,8,6.031554973297369,0.416,9.6,64.85330507231922
62.0,4.118168205660799,77,77,11.23,77,5.941984300261261,0.406,9.5,65.25131067415563
72.2,6.20337593519282,98,98,2.51,98,9.14270238771486,0.752,15.4,72.54741501226658
71.9,6.159739374323211,97,98,2.71,98,9.008513209853056,0.748,15.7,76.1058064902701
71.3,5.690753468244433,96,95,4.6,95,8.450619006119608,0.74,16.0,73.4801623646806
78.0,6.127568117968941,92,94,3.41,94,8.874395985177737,0.727,15.5,73.83581189411443
73.0,7.5856958311141245,93,93,6.59,93,9.662296098196228,0.834,16.4,70.85561352241331
72.4,7.261788406595049,94,95,7.9,95,9.39148361566517,0.824,16.8,76.20522326957888
72.0,7.366768682583988,96,95,6.22,95,9.417266354545337,0.812,16.4,73.4801623646806
78.0,6.818595627739261,95,93,5.83,94,8.97007137626149,0.798,16.2,70.7149060877358
71.6,4.406683887370807,95,91,6.46,94,6.321731263899682,0.78,15.8,71.16734518655916
71.2,3.781278279809387,95,97,6.26,95,5.869713032758683,0.757,14.7,71.21512166465202
71.6,5.924952221165367,98,92,6.46,94,8.10117905039859,0.745,14.0,74.7645946595727
79.7,5.591178424870783,87,96,6.8,99,7.389868292784891,0.877,13.5,72.0059757697873
77.8,9.017620593005114,77,99,7.48,99,10.794193681659948,0.848,13.5,79.58552718744045
61.9,4.033007037757199,84,83,4.98,84,5.937135842098257,0.483,9.1,64.95891626869759
69.0,3.5481180443626186,81,8,5.3,85,5.619747474767535,0.473,8.9,65.20032147663396
64.0,3.207934719872388,71,74,4.89,78,5.505833798395338,0.466,8.7,66.10650411466273
59.9,3.6409737802550977,61,65,4.81,66,5.761421928426037,0.457,8.5,68.25569069094774
59.3,3.882104142652586,51,61,5.29,62,5.573240696677057,0.462,8.3,63.79959301832245
57.6,4.102435887812406,91,87,11.38,91,5.874159073931732,0.466,10.7,60.82541433194788
56.7,4.040083293190591,89,89,1.96,89,5.810908447976136,0.459,10.7,71.39675010122905
52.9,2.3728576397339163,93,86,1.5,93,6.130939871020689,0.43,10.2,69.44987906479254
46.0,1.8977158226393056,93,94,8.2,93,3.3798846775737124,0.371,9.7,74.07642215635718
44.6,1.6818173804706396,84,85,6.35,84,3.30146974926522,0.362,10.3,66.07179297470465
73.8,6.085528317284632,97,97,3.47,97,9.049541085514996,0.747,12.5,74.58227520454221
72.7,5.353002976471368,95,95,3.4,96,8.27285548738327,0.725,11.9,74.25362768405822
78.2,7.626934961884006,99,99,13.73,99,8.95121226051245,0.693,12.7,72.32663689590082
76.7,4.52330610024544,97,97,7.93,96,6.4533020806184656,0.653,11.6,67.43114210919636
76.3,4.620088561585715,98,98,9.22,98,6.393868140224666,0.651,11.8,72.54741501226658
74.3,6.432862743927902,98,98,9.52,98,8.15751195281297,0.625,12.1,72.54741501226658
72.7,6.199490177963379,98,98,5.9,98,8.141261984559979,0.601,11.8,72.54741501226658
78.0,3.744949910384283,98,97,5.84,98,5.70270182429721,0.587,11.8,72.27229104390959
87.0,8.189324327382314,82,96,9.6,96,10.03551737461766,0.826,14.8,75.57195133116187
62.2,4.385477979924001,75,73,2.87,75,7.240120230099717,0.487,7.7,58.58409183781321
69.0,4.039507622674332,68,68,3.21,68,6.851327616784041,0.466,7.2,60.54670733940311
73.6,6.824164131787131,98,98,5.2,98,9.126770671435972,0.748,14.1,72.54741501226658
72.7,2.034572632456343,99,99,4.6,99,4.438347892641061,0.728,13.6,72.32663689590082
72.9,6.369069086041864,97,96,4.24,97,8.791129371181722,0.72,13.5,77.5144383500262
71.8,6.22135428087603,97,98,4.38,97,8.647689615404115,0.713,13.4,71.41674655821265
71.5,6.013175308639919,97,99,4.15,99,8.439090589619607,0.687,12.6,74.19081357630287
76.3,4.733532494386194,99,99,6.21,99,6.891150755735209,0.748,12.7,72.32663689590082
76.0,4.670467292139782,98,98,5.92,98,6.839842203234448,0.731,12.3,72.54741501226658
68.1,5.489746756241591,98,98,4.21,98,8.386259417485658,0.72,14.7,72.54741501226658
67.8,5.540591107750511,99,99,4.22,99,8.382477664838893,0.712,14.7,72.32663689590082
67.4,5.204074423244188,96,95,5.58,96,7.66885341622427,0.673,13.4,59.48869081822837
64.5,4.602001967580178,98,99,5.9,99,6.9075779303568,0.637,11.8,75.61650848388672
64.0,4.044048389490847,98,98,6.18,98,6.473213453185995,0.609,10.5,72.54741501226658
62.8,4.05059096572509,93,94,4.92,94,6.163763831838145,0.582,8.9,72.74877985512337
71.4,5.066657305623769,95,95,5.48,95,7.822185702354943,0.581,10.0,72.42068109279725
72.0,4.618716343111919,95,97,5.22,97,7.575488377692843,0.561,9.6,72.49056206679926
53.8,3.707509074098116,74,74,5.43,74,6.141720404810284,0.382,9.2,63.01571366845108
53.2,0.586071742485119,75,74,4.91,75,3.99134642062671,0.372,8.8,60.68619518745236
51.0,3.7733790364577695,76,67,6.39,85,5.652107208379308,0.318,6.7,61.01747987328506
49.5,3.659067443337817,25,72,5.64,73,5.550792460107437,0.298,5.8,66.5398373487519
63.9,1.3333795390824763,62,86,1.83,73,5.514407138350957,0.465,7.9,65.01768279657131
65.8,6.681949971210184,84,84,8.24,84,8.65703296032805,0.619,11.5,62.54988340052163
63.0,6.580019689017104,83,83,7.89,83,8.554986696207395,0.604,11.4,77.88152666789729
69.3,4.396361537864443,92,92,5.69,92,6.536136775300082,0.545,12.3,71.26292214742521
67.0,4.266491361701986,82,82,6.44,82,6.162987274613262,0.492,10.1,63.67546444404416
81.7,7.308344254723033,92,96,1.9,96,10.862041838424188,0.923,18.1,65.30904667551924
81.3,9.212345989380324,93,92,11.17,92,10.666414527777734,0.908,19.3,72.79313696884527
89.0,8.804647544141849,9,93,11.2,93,10.425026039225084,0.899,20.3,75.73287554485042
85.0,4.167859110370336,93,92,11.21,92,5.648769745423006,0.895,19.3,72.79313696884527
81.0,8.819116716161334,9,89,1.7,89,10.351014802663656,0.894,19.5,53.44918832546327
81.0,6.409040449431624,88,88,8.35,88,8.089707820134132,0.891,19.2,67.21133813625428
79.9,6.209038216791054,87,89,8.65,89,7.889408387531674,0.888,19.1,75.44748790089677
78.5,7.699383040128634,9,82,7.58,9,9.538482065058732,0.868,17.4,71.78509716871308
73.9,5.906680271195751,98,99,8.43,98,7.52196665444246,0.63,11.5,73.49519757526677
73.2,5.716055324524702,98,99,6.58,98,7.331386341126672,0.614,11.4,73.49519757526677
72.5,5.620634294992156,97,97,6.98,97,7.326369464481278,0.607,11.1,74.58227520454221
71.0,3.632737892956959,79,8,6.13,79,5.260364013953981,0.587,11.0,63.52643436338843
75.0,1.128929344786458,85,85,5.71,85,2.49710502944265,0.577,10.7,69.49137161999214
58.2,1.929165092154487,7,75,6.36,7,5.855505956935551,0.312,4.5,60.98065753099395
52.7,5.326509339958868,42,42,3.3,42,7.921643676731935,0.507,9.7,51.87560932810714
51.6,2.7451948376220483,63,66,4.24,63,5.291601978719912,0.487,9.3,64.63577103033299
59.0,4.668999670506097,41,6,4.0,53,7.23337841493471,0.481,9.2,61.42125366955269
55.0,4.658470586589692,42,54,4.47,42,7.036877906644032,0.477,9.1,51.19024379078935
76.2,7.05262889360204,98,99,2.76,98,9.965041455378348,0.796,13.7,73.49519757526677
75.4,6.948541556384543,98,96,2.83,98,9.728261532376935,0.782,12.4,73.483591219274
74.9,4.493684059358779,99,97,2.43,99,7.369053790899447,0.753,11.5,73.57024327720085
66.2,4.147784390722686,72,72,2.61,72,7.183862869811648,0.542,7.8,65.24695168471918
62.9,3.452942150969565,7,78,2.91,77,6.568737730621598,0.487,6.1,63.35284609910919
77.2,5.311969070543409,85,87,7.25,85,7.372009367500408,0.765,12.8,62.22849692367926
76.5,7.090343446898855,94,95,8.5,94,8.979449377956811,0.756,12.8,75.03273605718846
75.7,4.379641319069234,98,99,8.3,99,8.325341577945549,0.725,12.6,75.61650848388672
61.1,4.462656148220093,61,72,4.4,71,6.8645021566640585,0.461,8.6,66.14959419064405
59.9,5.068916441139046,6,59,8.39,62,6.458904927630523,0.439,7.6,61.61625950510909
73.2,5.888811584108,89,85,9.1,89,8.079181674597463,0.664,12.4,69.3090369061726
72.5,5.767133369594878,86,95,6.41,95,7.746384068178056,0.649,12.0,78.47479769078697
73.7,4.2547519860265774,93,92,5.3,93,6.260524023540235,0.708,13.3,64.672664177127
67.9,5.294592334221779,77,78,4.37,79,7.664111617154877,0.662,11.4,61.42588955018579
67.2,0.6424585917221872,52,85,3.25,84,2.529975294511676,0.631,11.6,68.43079236658608
66.8,4.248786978061698,45,76,3.0,79,6.865147775764517,0.622,11.4,67.24577378063667
76.8,5.442591275545094,97,95,6.62,99,9.483884097364705,0.834,15.3,74.39165962033155
75.5,2.816291465615762,98,96,6.88,99,4.958969158282153,0.813,15.0,76.07951801579173
74.5,6.2481501010611975,98,98,6.32,99,8.556016310347102,0.79,15.0,73.29061108100706
74.2,6.147908974141766,95,98,5.86,98,8.513626562349806,0.784,14.7,72.82034934439311
73.7,6.024494012343468,99,98,5.5,98,8.410437845657256,0.777,14.6,72.130563875524
83.0,5.806510633701425,98,98,9.74,98,7.854934569356661,0.824,16.3,72.54741501226658
79.3,5.823348665028309,96,96,1.42,96,7.768521296625652,0.809,16.0,71.86741880091225
77.3,3.65760775659703,97,98,2.9,97,6.602896989596986,0.825,12.0,71.41674655821265
76.8,8.609798499624173,97,98,1.87,97,11.326214757290648,0.825,11.7,71.41674655821265
76.6,6.108347842341541,96,95,2.58,96,8.741545493496805,0.835,13.7,59.48869081822837
76.6,8.31035199884456,97,95,3.61,96,10.641114491275026,0.826,13.5,68.4866258574695
73.1,4.86043678458956,97,95,5.33,96,7.036564906598916,0.78,14.7,68.4866258574695
72.9,6.8245555489369,99,96,5.21,96,9.013739596011044,0.766,14.1,74.16417396359327
72.5,6.502254302130697,99,97,5.6,97,8.67072865266392,0.755,13.7,71.53795679604134
77.0,3.659006422990167,99,98,4.57,98,7.661938108875133,0.714,12.0,72.130563875524
73.0,7.201583698136472,97,97,7.7,97,9.555840378236798,0.803,14.9,74.58227520454221
68.2,4.927299594972898,98,98,7.44,98,9.05531050344244,0.776,14.0,72.54741501226658
64.9,3.861057967895261,96,98,5.19,97,6.024348625166228,0.741,13.6,68.47156468833366
64.8,5.589275411014079,81,97,5.99,97,7.77342381754582,0.727,12.8,67.40811473567311
65.2,2.542460408385577,98,98,7.69,98,6.53651311166364,0.485,10.8,72.54741501226658
68.0,0.5077451064408851,97,97,7.66,97,1.897428897167569,0.438,10.4,74.58227520454221
53.4,3.4945560178372967,89,89,6.24,89,5.4718984955982775,0.371,8.2,71.39675010122905
73.8,6.494174012232565,56,58,7.22,63,8.338060154445875,0.701,12.9,60.05162606588224
72.5,3.878520108141312,12,54,4.52,26,5.888385399372501,0.688,12.9,56.890346434058216
72.0,3.7191311397999858,35,37,4.68,39,5.666301763354642,0.677,12.7,53.28414647172137
71.6,5.664581147048352,41,55,4.47,49,7.852541081710915,0.671,12.6,57.05609754236733
79.0,3.257987737487534,83,82,4.71,83,5.289751635194422,0.659,12.3,65.39907669439549
75.0,5.3003744103819175,89,83,5.16,85,7.350178613261861,0.645,12.0,72.06585442147603
66.6,2.1395249989755154,96,96,5.44,96,4.907688078899754,0.546,10.6,71.86741880091225
64.7,3.873059936825657,75,97,7.84,97,6.739211731984107,0.521,10.2,69.63900942918731
64.3,2.469277938572076,96,97,1.4,97,4.417171384092248,0.514,10.0,76.83732363072838
72.9,6.535382431877281,97,95,4.28,95,9.066043990618851,0.745,12.1,78.19158414515053
72.8,6.567368726994525,95,97,4.49,97,9.064677911733874,0.742,12.0,72.49056206679926
66.4,2.6250515137668597,89,85,4.66,89,5.033334851953176,0.483,9.1,69.3090369061726
66.0,2.5524509537184965,92,89,4.51,92,5.010050796644229,0.474,8.7,66.79709346119951
74.6,6.820364643646788,94,94,9.72,94,8.767841675360984,0.757,13.5,72.1731522722942
74.4,6.653430173915816,89,91,1.9,91,8.596536104752362,0.755,13.6,70.55206950117902
74.1,6.711510331854012,93,97,9.9,95,8.66945992115201,0.754,13.6,72.91955380323456
72.4,2.861762108683004,99,99,3.59,99,5.224048835351556,0.74,13.2,72.32663689590082
72.3,4.3336981277993205,99,99,2.64,99,6.885465292772042,0.739,13.2,72.32663689590082
48.1,0.8933439990783328,83,83,11.9,83,4.37499541976549,0.426,9.5,77.88152666789729
48.9,4.019368065574252,89,88,11.98,89,6.101495389790547,0.392,8.9,62.740175107630286
82.2,6.459904626052012,96,96,3.93,96,10.881205893111144,0.911,15.2,71.86741880091225
82.0,8.421022266717287,96,96,3.96,96,10.748726427023076,0.889,14.5,71.86741880091225
79.3,7.724918618196309,95,96,3.63,96,10.067926344917195,0.819,12.7,76.32234452410442
68.7,5.5172489736658346,99,99,5.48,99,7.528165015170574,0.505,9.4,72.32663689590082
68.3,3.418408398733785,9,94,7.47,9,7.149483657551443,0.492,9.3,71.31240546994093
67.4,3.27000836961622,83,9,7.83,89,4.498418236067779,0.465,8.3,69.0255469345465
66.8,2.8809780963960803,79,84,6.0,84,6.614411532525059,0.453,8.0,68.09298771183666
66.5,5.058058154407847,75,78,6.9,78,6.66690117688778,0.446,7.3,62.52418238942216
66.2,5.787239269542051,83,88,6.44,84,6.852048935084044,0.442,6.6,66.71534691787348
53.7,6.43461683573731,76,73,7.93,74,8.489722684447493,0.611,12.9,58.12524367541802
56.0,5.903339565381609,72,71,8.31,71,7.894609222047529,0.629,13.0,61.50000009304139
57.3,3.849377270826076,73,71,8.7,73,5.823712241472547,0.635,13.0,60.09987733422256
81.3,8.630081637510749,97,97,8.8,97,10.479531546633597,0.854,16.1,74.58227520454221
89.0,6.238193173431374,96,96,8.36,96,8.095724912925371,0.849,16.0,71.86741880091225
79.1,7.568068348638389,77,95,7.21,95,9.594089315142224,0.82,15.7,74.61443049733232
74.5,3.080476516745162,99,99,3.21,99,5.818661668612694,0.752,13.7,72.32663689590082
74.2,4.592757168471885,99,99,4.6,99,7.139561925095766,0.712,12.9,72.32663689590082
63.8,5.53972766355078,94,94,8.43,94,7.686115603596239,0.485,7.2,72.1731522722942
62.5,5.153348173243992,75,9,7.97,9,7.298092447993557,0.461,7.0,61.67740817186309
61.4,4.46742041639477,78,84,4.72,84,7.018128888063355,0.44,6.4,67.99461374050233
71.3,7.064181164279642,84,84,6.9,84,9.134906816563518,0.708,12.7,62.54988340052163
69.5,6.530921224880472,84,84,5.92,84,8.659108528354782,0.684,11.7,62.54988340052163
56.5,6.580962792115279,95,92,8.76,95,8.256481582760511,0.534,11.3,75.30474499958318
46.0,5.922021075812612,95,88,6.8,86,7.963760001125245,0.495,9.7,62.6508137772723
48.4,3.2664016922463945,83,87,5.26,84,7.401510041179976,0.516,9.4,65.73892397996856
81.7,9.348245556860926,42,98,11.7,98,10.995314994600106,0.901,16.0,81.9960284349395
73.0,4.561807384161499,81,85,5.12,83,7.134405817621275,0.599,10.3,70.01225559885908
72.8,4.529406965142719,8,86,4.94,84,7.1421430168264495,0.596,10.2,69.41727503334603
67.3,3.7919097474613537,93,95,6.4,93,6.605768071168045,0.603,11.1,73.46666587271342
71.4,3.354738105261963,95,97,3.7,96,5.6955694062217646,0.657,11.5,75.87531187476182
71.2,5.176502891109966,95,97,3.32,96,7.546523027400175,0.649,11.2,75.87531187476182
67.4,3.439776397946392,83,83,1.1,83,7.019991617895995,0.618,12.5,77.88152666789729
59.7,1.7711060037016635,87,85,5.25,87,4.145225379135846,0.475,12.0,67.7612503796089
58.3,3.690941962181121,85,85,5.21,85,6.333882215996533,0.457,11.5,69.49137161999214
57.4,3.760303310195323,83,83,5.37,83,6.192206835848182,0.449,11.0,77.88152666789729
56.2,4.25361422595203,24,8,5.73,81,6.242985453515257,0.441,10.1,69.53861701779249
73.3,6.340301484243187,8,82,5.18,8,8.341255158430798,0.716,14.3,70.09084645713249
73.0,4.171351125161602,77,79,4.51,77,6.114881597411441,0.717,14.4,60.42843004552329
72.9,2.0836801495762645,82,84,4.6,82,6.100741867063194,0.712,14.4,66.51358357871452
72.5,6.345407003475577,87,88,5.82,87,7.98388876280322,0.698,14.5,56.45505402727825
71.0,4.860506960775932,9,9,6.47,9,7.28610924554847,0.773,12.5,69.7093818478468
69.7,4.926410346313615,89,9,4.82,88,7.411063356672896,0.76,12.4,73.58566740082532
69.4,2.553421731262591,94,94,5.22,94,4.871519882674911,0.736,12.2,72.1731522722942
75.1,6.40666565881244,98,98,7.0,98,8.359996946560397,0.722,14.7,72.54741501226658
74.9,6.389645372798778,98,98,7.26,98,8.342952305085863,0.72,14.7,72.54741501226658
74.7,6.374395637436917,99,99,6.18,99,8.326269300816717,0.706,14.4,72.32663689590082
74.6,6.154068594545622,98,98,5.64,98,8.237263437541689,0.695,14.3,72.54741501226658
74.0,5.942184764770135,96,97,5.63,97,8.043610457610326,0.673,13.6,76.83732363072838
73.7,5.776938190581652,92,95,5.36,95,7.924061195292174,0.667,13.5,77.21835289931879
73.5,5.575261345483104,93,96,5.32,96,7.761146125088826,0.662,13.3,70.88709770760885
73.2,5.554074736939422,94,98,5.29,98,7.721318969448099,0.654,13.1,74.12911391839748
75.2,5.2425088137062446,97,98,5.38,98,9.436992612634429,0.754,14.4,76.1058064902701
72.4,6.726179690844367,85,9,5.45,9,8.90725421832148,0.681,11.9,74.75355511176878
65.4,4.1705045372200376,98,98,2.12,98,6.600448903333489,0.678,10.7,72.54741501226658
65.6,6.363739616561927,98,98,1.96,97,8.8063136719629,0.672,10.7,70.67163234803735
65.6,6.197295359284195,97,97,1.98,97,8.639583992508811,0.665,10.6,74.58227520454221
63.3,4.878082339977956,96,99,3.34,98,6.876179435920775,0.6651734296831573,10.2,74.97017074212795
61.5,2.719168271004778,78,82,7.22,78,6.579491001313904,0.483,10.0,65.60723514091677
60.0,4.542091703435266,78,82,7.58,78,6.475043442179258,0.477,10.0,65.60723514091677
55.5,1.9462711817323155,73,7,9.76,73,3.75790704833138,0.442,10.3,59.24999972087581
78.0,1.8966972947649976,22,45,7.1,23,5.754660286742933,0.746,15.2,52.369512604504095
75.0,6.031076458973453,21,54,6.98,5,8.180532972727503,0.734,14.9,55.45569080259742
67.7,6.125686533967404,84,91,6.63,9,8.266775619981829,0.73,14.9,72.98729361557379
67.7,3.413841344136402,96,99,6.39,98,5.456125535314938,0.716,14.7,74.97017074212795
76.9,8.259376077571604,99,99,3.64,99,10.70213696746133,0.832,13.3,72.32663689590082
76.3,5.963000746957764,95,95,3.7,95,8.403646571963312,0.824,13.3,72.42068109279725
76.2,5.733555086401324,94,94,3.93,94,8.17474466187838,0.826,13.3,72.1731522722942
75.8,8.2952760372695,92,94,2.93,92,10.731164651402857,0.829,13.1,72.51247852604564
75.4,8.22976218531133,92,94,2.33,92,10.65427187707646,0.823,12.8,72.51247852604564
74.5,5.500253268616838,92,94,2.48,94,8.059127413625122,0.798,12.0,73.83581189411443
76.5,5.831058235343397,95,95,8.74,95,7.373802278582044,0.784,15.5,72.42068109279725
76.3,7.75470999650256,95,95,8.63,95,9.387583388118802,0.777,15.6,72.42068109279725
75.7,5.0339926448895325,96,96,11.15,96,6.261398389892916,0.753,15.5,71.86741880091225
75.2,6.046143121937266,94,94,7.46,94,8.745503765845143,0.742,14.2,72.1731522722942
68.8,2.874358841067427,99,99,6.49,99,5.167458388412242,0.673,12.0,72.32663689590082
67.9,2.7007041011275663,91,98,5.92,98,5.211049138393152,0.644,11.9,70.91945220202935
67.2,3.385113993593237,99,99,5.17,98,5.9842636049445135,0.607,11.3,69.74447408536585
71.4,6.061430163791547,64,65,3.7,64,8.058196563857285,0.592,10.8,69.52723247248952
78.0,5.891904118378628,62,66,3.9,66,7.880215139759668,0.589,10.7,69.26300802463439
71.0,3.788675187627277,59,67,3.96,68,5.517365462923632,0.572,10.6,68.44756140360018
69.0,3.1311697624223123,7,67,3.28,71,7.29359516537682,0.6651734296831573,9.6,68.26097590748857
59.2,5.28783890673932,78,7,4.91,78,7.459302097308238,0.554,12.3,64.50993105260338
52.6,2.472452938240492,8,77,4.37,8,4.750032014850399,0.492,11.1,60.12357600142316
56.6,4.539055344283134,97,95,6.69,95,6.86343599481747,0.464,9.8,78.19158414515053
48.2,3.083900128939619,75,75,4.96,75,5.7889767302914805,0.421,9.7,61.185225323932926
46.0,5.060120267302422,79,78,7.1,78,6.3069299603763165,0.434,9.8,59.34723123689977
